source,area_code,source_file,district_city,province,num_addresses,top_district_candidates,top_province_candidates
foody,10,D10.csv,Thành Phố Thủ Dầu Một,Bình Dương,76,Thành Phố Thủ Dầu Một (31) | Thị Xã Thuận An (19) | Thị Xã Dĩ An (19),Bình Dương (76)
foody,100,D100.csv,Quận 5,TP. HCM,115,Quận 5 (78) | Quận 1 (8) | Quận Tân Bình (5),TP. HCM (115)
foody,1000,D1000.csv,Thành Phố Long Xuyên,An Giang,35,Thành Phố Long Xuyên (27) | Thành Phố Châu Đốc (5) | Huyện Châu Phú (1),An Giang (35)
foody,101,D101.csv,Quận Tân Phú,TP. HCM,700,Quận Tân Phú (401) | Quận 1 (45) | Quận 7 (34),TP. HCM (700)
foody,102,D102.csv,Quận 5,TP. HCM,123,Quận 5 (55) | Quận 1 (19) | Quận Tân Bình (10),TP. HCM (123)
foody,103,D103.csv,Quận Gò Vấp,TP. HCM,660,Quận Gò Vấp (342) | Quận 1 (44) | Tp. Thủ Đức (37),TP. HCM (660)
foody,104,D104.csv,Quận Bình Thạnh,TP. HCM,783,Quận Bình Thạnh (408) | Quận 1 (63) | Tp. Thủ Đức (49),TP. HCM (783)
foody,105,D105.csv,Quận 12,TP. HCM,421,Quận 12 (270) | Tp. Thủ Đức (21) | Quận 7 (20),TP. HCM (421)
foody,106,D106.csv,Quận Tân Bình,TP. HCM,643,Quận Tân Bình (339) | Quận 1 (48) | Quận Bình Thạnh (33),TP. HCM (643)
foody,107,D107.csv,Quận Bình Tân,TP. HCM,525,Quận Bình Tân (308) | Quận 7 (26) | Quận 1 (26),TP. HCM (525)
foody,108,D108.csv,Tp. Thủ Đức,TP. HCM,1072,Tp. Thủ Đức (572) | Quận 1 (86) | Quận 7 (59),TP. HCM (1072)
foody,109,D109.csv,Quận 10,TP. HCM,454,Quận 10 (225) | Quận 1 (51) | Quận 7 (26),TP. HCM (454)
foody,11,D11.csv,Quận Ninh Kiều,Cần Thơ,100,Quận Ninh Kiều (88) | Quận Cái Răng (8) | Quận Bình Thủy (2),Cần Thơ (100)
foody,110,D110.csv,Quận 1,TP. HCM,784,Quận 1 (453) | Quận 7 (49) | Tp. Thủ Đức (47),TP. HCM (784)
foody,111,D111.csv,Quận 3,TP. HCM,458,Quận 3 (240) | Quận 1 (40) | Quận 7 (24),TP. HCM (458)
foody,112,D112.csv,Quận 4,TP. HCM,148,Quận 4 (136) | Quận 10 (4) | Quận Tân Bình (2),TP. HCM (148)
foody,113,D113.csv,Quận 6,TP. HCM,322,Quận 6 (186) | Quận 1 (23) | Quận 7 (14),TP. HCM (322)
foody,114,D114.csv,Quận 2,TP. HCM,111,Quận 2 (111),TP. HCM (111)
foody,115,D115.csv,Quận 7,TP. HCM,750,Quận 7 (392) | Quận 1 (78) | Tp. Thủ Đức (53),TP. HCM (750)
foody,116,D116.csv,Quận 8,TP. HCM,289,Quận 8 (202) | Quận 1 (14) | Quận 7 (12),TP. HCM (289)
foody,117,D117.csv,Quận 9,TP. HCM,123,Quận 9 (113) | Tp. Thủ Đức (4) | Huyện Củ Chi (2),TP. HCM (123)
foody,118,D118.csv,Quận 11,TP. HCM,435,Quận 11 (341) | Quận 1 (20) | Quận 7 (10),TP. HCM (435)
foody,119,D119.csv,Quận Phú Nhuận,TP. HCM,476,Quận Phú Nhuận (333) | Quận 1 (36) | Quận 7 (15),TP. HCM (476)
foody,12,D12.csv,Quận Ninh Kiều,Cần Thơ,79,Quận Ninh Kiều (63) | Quận Cái Răng (8) | Quận Bình Thủy (6),Cần Thơ (79)
foody,120,D120.csv,Huyện Bình Chánh,TP. HCM,178,Huyện Bình Chánh (137) | Quận 1 (10) | Quận 7 (7),TP. HCM (178)
foody,121,D121.csv,Huyện Nhà Bè,TP. HCM,85,Huyện Nhà Bè (72) | Quận Bình Tân (3) | Quận 1 (3),TP. HCM (85)
foody,122,D122.csv,Huyện Hóc Môn,TP. HCM,188,Huyện Hóc Môn (130) | Quận 3 (9) | Quận Tân Bình (8),TP. HCM (188)
foody,123,D123.csv,Huyện Củ Chi,TP. HCM,36,Huyện Củ Chi (36),TP. HCM (36)
foody,124,D124.csv,Huyện Cần Giờ,TP. HCM,24,Huyện Cần Giờ (24),TP. HCM (24)
foody,125,D125.csv,Thành Phố Thủ Dầu Một,Bình Dương,524,Thành Phố Thủ Dầu Một (483) | Thị Xã Thuận An (21) | Thị Xã Dĩ An (15),Bình Dương (524)
foody,126,D126.csv,Thị Xã Thuận An,Bình Dương,228,Thị Xã Thuận An (202) | Thành Phố Thủ Dầu Một (15) | Thị Xã Dĩ An (9),Bình Dương (228)
foody,127,D127.csv,Thị Xã Dĩ An,Bình Dương,171,Thị Xã Dĩ An (157) | Thành Phố Thủ Dầu Một (8) | Thị Xã Thuận An (5),Bình Dương (171)
foody,128,D128.csv,Thị Xã Bến Cát,Bình Dương,40,Thị Xã Bến Cát (37) | Huyện Bàu Bàng (1) | Thị Xã Thuận An (1),Bình Dương (40)
foody,129,D129.csv,Thị Xã Tân Uyên,Bình Dương,36,Thị Xã Tân Uyên (36),Bình Dương (36)
foody,13,D13.csv,Quận Ninh Kiều,Cần Thơ,90,Quận Ninh Kiều (76) | Quận Cái Răng (9) | Quận Bình Thủy (5),Cần Thơ (90)
foody,130,D130.csv,Huyện Dầu Tiếng,Bình Dương,24,Huyện Dầu Tiếng (24),Bình Dương (24)
foody,131,D131.csv,Huyện Phú Giáo,Bình Dương,24,Huyện Phú Giáo (24),Bình Dương (24)
foody,132,D132.csv,Huyện Bắc Tân Uyên,Bình Dương,5,Huyện Bắc Tân Uyên (5),Bình Dương (5)
foody,133,D133.csv,Huyện Bàu Bàng,Bình Dương,19,Huyện Bàu Bàng (19),Bình Dương (19)
foody,134,D134.csv,Tp. Vũng Tàu,Vũng Tàu,293,Tp. Vũng Tàu (284) | Tp. Bà Rịa (8) | Thị Xã Phú Mỹ (1),Vũng Tàu (293)
foody,135,D135.csv,Tp. Bà Rịa,Vũng Tàu,44,Tp. Bà Rịa (31) | Tp. Vũng Tàu (11) | Huyện Xuyên Mộc (1),Vũng Tàu (44)
foody,136,D136.csv,Thị Xã Phú Mỹ,Vũng Tàu,33,Thị Xã Phú Mỹ (33),Vũng Tàu (33)
foody,137,D137.csv,Huyện Côn Đảo,Vũng Tàu,34,Huyện Côn Đảo (34),Vũng Tàu (34)
foody,138,D138.csv,Huyện Long Thành,Vũng Tàu,15,Huyện Long Thành (15),Vũng Tàu (15)
foody,139,D139.csv,Huyện Xuyên Mộc,Vũng Tàu,37,Huyện Xuyên Mộc (37),Vũng Tàu (37)
foody,140,D140.csv,Huyện Long Điền,Vũng Tàu,35,Huyện Long Điền (35),Vũng Tàu (35)
foody,141,D141.csv,Huyện Châu Đức,Vũng Tàu,36,Huyện Châu Đức (36),Vũng Tàu (36)
foody,142,D142.csv,Huyện Đất Đỏ,Vũng Tàu,36,Huyện Đất Đỏ (36),Vũng Tàu (36)
foody,143,D143.csv,Quận 8,TP. HCM,14,Quận 8 (4) | Quận 1 (3) | Quận Gò Vấp (2),TP. HCM (14)
foody,144,D144.csv,Quận Bình Thạnh,TP. HCM,129,Quận Bình Thạnh (101) | Quận 1 (8) | Quận 3 (4),TP. HCM (129)
foody,145,D145.csv,Quận Tân Bình,TP. HCM,130,Quận Tân Bình (96) | Quận 1 (7) | Quận 7 (5),TP. HCM (130)
foody,146,D146.csv,Quận Tân Phú,TP. HCM,109,Quận Tân Phú (98) | Quận 10 (3) | Quận Tân Bình (3),TP. HCM (109)
foody,147,D147.csv,Quận Gò Vấp,TP. HCM,122,Quận Gò Vấp (76) | Quận Tân Phú (5) | Quận 1 (5),TP. HCM (122)
foody,148,D148.csv,Quận Bình Tân,TP. HCM,32,Quận Bình Tân (24) | Quận Tân Phú (4) | Quận 8 (2),TP. HCM (32)
foody,149,D149.csv,Quận Ninh Kiều,Cần Thơ,23,Quận Ninh Kiều (23),Cần Thơ (23)
foody,150,D150.csv,Thành Phố Long Xuyên,An Giang,103,Thành Phố Long Xuyên (103),An Giang (103)
foody,151,D151.csv,Quận Tân Bình,TP. HCM,39,Quận Tân Bình (23) | Tp. Thủ Đức (6) | Quận Bình Thạnh (4),TP. HCM (39)
foody,152,D152.csv,Quận Bình Thạnh,TP. HCM,10,Quận Bình Thạnh (10),TP. HCM (10)
foody,153,D153.csv,Quận Gò Vấp,TP. HCM,30,Quận Gò Vấp (25) | Quận 3 (2) | Quận Bình Tân (1),TP. HCM (30)
foody,154,D154.csv,Quận Ninh Kiều,Cần Thơ,20,Quận Ninh Kiều (20),Cần Thơ (20)
foody,17,D17.csv,Quận Ninh Kiều,Cần Thơ,236,Quận Ninh Kiều (180) | Quận Cái Răng (38) | Quận Bình Thủy (15),Cần Thơ (236)
foody,18,D18.csv,Quận Ninh Kiều,Cần Thơ,67,Quận Ninh Kiều (59) | Quận Cái Răng (6) | Quận Bình Thủy (2),Cần Thơ (67)
foody,19,D19.csv,Quận Ninh Kiều,Cần Thơ,83,Quận Ninh Kiều (75) | Quận Cái Răng (6) | Quận Bình Thủy (2),Cần Thơ (83)
foody,20,D20.csv,Quận Ninh Kiều,Cần Thơ,155,Quận Ninh Kiều (124) | Quận Cái Răng (17) | Quận Bình Thủy (14),Cần Thơ (155)
foody,201,D201.csv,Huyện Cờ Đỏ,Cần Thơ,24,Huyện Cờ Đỏ (24),Cần Thơ (24)
foody,202,D202.csv,Huyện Phong Điền,Cần Thơ,24,Huyện Phong Điền (24),Cần Thơ (24)
foody,203,D203.csv,Huyện Thới Lai,Cần Thơ,12,Huyện Thới Lai (12),Cần Thơ (12)
foody,204,D204.csv,Huyện Vĩnh Thạnh,Cần Thơ,14,Huyện Vĩnh Thạnh (14),Cần Thơ (14)
foody,205,D205.csv,Quận Bình Thủy,Cần Thơ,36,Quận Bình Thủy (36),Cần Thơ (36)
foody,206,D206.csv,Quận Cái Răng,Cần Thơ,26,Quận Cái Răng (25) | Quận Ninh Kiều (1),Cần Thơ (26)
foody,207,D207.csv,Quận Ninh Kiều,Cần Thơ,210,Quận Ninh Kiều (197) | Quận Cái Răng (7) | Quận Bình Thủy (5),Cần Thơ (210)
foody,208,D208.csv,Quận Ô Môn,Cần Thơ,24,Quận Ô Môn (24),Cần Thơ (24)
foody,209,D209.csv,Quận Thốt Nốt,Cần Thơ,24,Quận Thốt Nốt (24),Cần Thơ (24)
foody,21,D21.csv,Thành Phố Long Xuyên,An Giang,63,Thành Phố Long Xuyên (55) | Thành Phố Châu Đốc (4) | Huyện Châu Phú (1),An Giang (63)
foody,210,D210.csv,Hưng Phú,Cần Thơ,2,Hưng Phú (2),Cần Thơ (2)
foody,211,D211.csv,Thành Phố Biên Hòa,Đồng Nai,508,Thành Phố Biên Hòa (500) | Huyện Long Thành (4) | Thị Xã Long Khánh (3),Đồng Nai (508)
foody,212,D212.csv,Huyện Long Thành,Đồng Nai,24,Huyện Long Thành (24),Đồng Nai (24)
foody,213,D213.csv,Thị Xã Long Khánh,Đồng Nai,25,Thị Xã Long Khánh (25),Đồng Nai (25)
foody,214,D214.csv,Huyện Trảng Bom,Đồng Nai,35,Huyện Trảng Bom (23) | Thành Phố Biên Hòa (10) | Huyện Vĩnh Cửu (2),Đồng Nai (35)
foody,215,D215.csv,Huyện Nhơn Trạch,Đồng Nai,24,Huyện Nhơn Trạch (24),Đồng Nai (24)
foody,216,D216.csv,Huyện Xuân Lộc,Đồng Nai,24,Huyện Xuân Lộc (24),Đồng Nai (24)
foody,217,D217.csv,Huyện Thống Nhất,Đồng Nai,24,Huyện Thống Nhất (24),Đồng Nai (24)
foody,218,D218.csv,Huyện Định Quán,Đồng Nai,24,Huyện Định Quán (24),Đồng Nai (24)
foody,219,D219.csv,Huyện Tân Phú,Đồng Nai,24,Huyện Tân Phú (24),Đồng Nai (24)
foody,22,D22.csv,Thành Phố Long Xuyên,An Giang,42,Thành Phố Long Xuyên (33) | Thành Phố Châu Đốc (5) | Huyện Châu Thành (1),An Giang (42)
foody,220,D220.csv,Huyện Vĩnh Cửu,Đồng Nai,24,Huyện Vĩnh Cửu (24),Đồng Nai (24)
foody,221,D221.csv,Huyện Cẩm Mỹ,Đồng Nai,26,Huyện Cẩm Mỹ (14) | Thành Phố Biên Hòa (10) | Huyện Vĩnh Cửu (2),Đồng Nai (26)
foody,222,D222.csv,Thành Phố Long Xuyên,An Giang,62,Thành Phố Long Xuyên (62),An Giang (62)
foody,223,D223.csv,Thành Phố Châu Đốc,An Giang,24,Thành Phố Châu Đốc (24),An Giang (24)
foody,224,D224.csv,Thị Xã Tân Châu,An Giang,24,Thị Xã Tân Châu (24),An Giang (24)
foody,225,D225.csv,Huyện Chợ Mới,An Giang,24,Huyện Chợ Mới (24),An Giang (24)
foody,226,D226.csv,Huyện Thoại Sơn,An Giang,23,Huyện Thoại Sơn (23),An Giang (23)
foody,227,D227.csv,Huyện Tri Tôn,An Giang,24,Huyện Tri Tôn (24),An Giang (24)
foody,228,D228.csv,Huyện Châu Thành,An Giang,23,Huyện Châu Thành (23),An Giang (23)
foody,229,D229.csv,Huyện Tịnh Biên,An Giang,24,Huyện Tịnh Biên (24),An Giang (24)
foody,230,D230.csv,Huyện Châu Phú,An Giang,21,Huyện Châu Phú (21),An Giang (21)
foody,231,D231.csv,Huyện Phú Tân,An Giang,14,Huyện Phú Tân (14),An Giang (14)
foody,232,D232.csv,Huyện An Phú,An Giang,12,Huyện An Phú (12),An Giang (12)
foody,24,D24.csv,Thành Phố Biên Hòa,Đồng Nai,88,Thành Phố Biên Hòa (78) | Thị Xã Long Khánh (3) | Huyện Long Thành (2),Đồng Nai (88)
foody,26,D26.csv,Thành Phố Biên Hòa,Đồng Nai,82,Thành Phố Biên Hòa (75) | Thị Xã Long Khánh (4) | Huyện Nhơn Trạch (2),Đồng Nai (82)
foody,32,D32.csv,Thành Phố Biên Hòa,Đồng Nai,117,Thành Phố Biên Hòa (114) | Huyện Trảng Bom (1) | Huyện Long Thành (1),Đồng Nai (117)
foody,38,D38.csv,Thị Xã Thuận An,Bình Dương,94,Thị Xã Thuận An (31) | Thành Phố Thủ Dầu Một (29) | Thị Xã Dĩ An (28),Bình Dương (94)
foody,46,D46.csv,Tp. Vũng Tàu,Vũng Tàu,30,Tp. Vũng Tàu (26) | Tp. Bà Rịa (3) | Huyện Xuyên Mộc (1),Vũng Tàu (30)
foody,48,D48.csv,Tp. Vũng Tàu,Vũng Tàu,83,Tp. Vũng Tàu (76) | Tp. Bà Rịa (6) | Thị Xã Phú Mỹ (1),Vũng Tàu (83)
foody,49,D49.csv,Tp. Vũng Tàu,Vũng Tàu,88,Tp. Vũng Tàu (70) | Thị Xã Phú Mỹ (8) | Tp. Bà Rịa (6),Vũng Tàu (88)
foody,64,D64.csv,Quận Ninh Kiều,Cần Thơ,75,Quận Ninh Kiều (58) | Quận Cái Răng (9) | Quận Bình Thủy (6),Cần Thơ (75)
foody,69,D69.csv,Thành Phố Thủ Dầu Một,Bình Dương,77,Thành Phố Thủ Dầu Một (32) | Thị Xã Thuận An (20) | Thị Xã Dĩ An (15),Bình Dương (77)
foody,73,D73.csv,Tp. Vũng Tàu,Vũng Tàu,78,Tp. Vũng Tàu (72) | Tp. Bà Rịa (4) | Thị Xã Phú Mỹ (2),Vũng Tàu (78)
foody,74,D74.csv,Tp. Vũng Tàu,Vũng Tàu,93,Tp. Vũng Tàu (82) | Tp. Bà Rịa (10) | Huyện Châu Đức (1),Vũng Tàu (93)
foody,79,D79.csv,Quận Ninh Kiều,Cần Thơ,78,Quận Ninh Kiều (66) | Quận Cái Răng (7) | Quận Bình Thủy (5),Cần Thơ (78)
foody,80,D80.csv,Quận Ninh Kiều,Cần Thơ,47,Quận Ninh Kiều (42) | Quận Cái Răng (4) | Quận Bình Thủy (1),Cần Thơ (47)
foody,83,D83.csv,Tp. Vũng Tàu,Vũng Tàu,101,Tp. Vũng Tàu (86) | Tp. Bà Rịa (11) | Thị Xã Phú Mỹ (2),Vũng Tàu (101)
foody,84,D84.csv,Tp. Vũng Tàu,Vũng Tàu,32,Tp. Vũng Tàu (30) | Tp. Bà Rịa (2),Vũng Tàu (32)
foody,85,D85.csv,Thành Phố Long Xuyên,An Giang,27,Thành Phố Long Xuyên (21) | Thành Phố Châu Đốc (5) | Huyện Phú Tân (1),An Giang (27)
foody,86,D86.csv,Thành Phố Thủ Dầu Một,Bình Dương,85,Thành Phố Thủ Dầu Một (39) | Thị Xã Thuận An (23) | Thị Xã Dĩ An (17),Bình Dương (85)
foody,88,D88.csv,Tp. Vũng Tàu,Vũng Tàu,68,Tp. Vũng Tàu (58) | Tp. Bà Rịa (8) | Huyện Long Điền (1),Vũng Tàu (68)
foody,98,D98.csv,Thành Phố Long Xuyên,An Giang,10,Thành Phố Long Xuyên (10),An Giang (10)
foody,99,D99.csv,Thành Phố Long Xuyên,An Giang,17,Thành Phố Long Xuyên (15) | Huyện Châu Thành (1) | Thành Phố Châu Đốc (1),An Giang (17)
shopee,1,D1.csv,Thành Phố Thủ Đức,TP. HCM,200,Thành Phố Thủ Đức (26) | Quận 5 (19) | Quận 11 (17),TP. HCM (200)
shopee,10,D10.csv,Thị xã Thủ Dầu Một,Bình Dương,7,Thị xã Thủ Dầu Một (4) | Dĩ An (2) | Thuận An (1),Bình Dương (7)
shopee,1000,D1000.csv,Tp. Biên Hòa,Đồng Nai,5,Tp. Biên Hòa (5),Đồng Nai (5)
shopee,11,D11.csv,Quận Ninh Kiều,Cần Thơ,7,Quận Ninh Kiều (6) | Quận Cái Răng (1),Cần Thơ (7)
shopee,12,D12.csv,Quận Ninh Kiều,Cần Thơ,7,Quận Ninh Kiều (5) | Quận Cái Răng (1) | Quận Bình Thủy (1),Cần Thơ (7)
shopee,14,D14.csv,Quận Ninh Kiều,Cần Thơ,18,Quận Ninh Kiều (12) | Quận Cái Răng (4) | Quận Bình Thủy (2),Cần Thơ (18)
shopee,15,D15.csv,Quận Ninh Kiều,Cần Thơ,8,Quận Ninh Kiều (7) | Quận Bình Thủy (1),Cần Thơ (8)
shopee,16,D16.csv,Quận Ninh Kiều,Cần Thơ,8,Quận Ninh Kiều (6) | Quận Bình Thủy (1) | Quận Cái Răng (1),Cần Thơ (8)
shopee,17,D17.csv,Quận Ninh Kiều,Cần Thơ,8,Quận Ninh Kiều (6) | Quận Cái Răng (2),Cần Thơ (8)
shopee,18,D18.csv,Quận Ninh Kiều,Cần Thơ,15,Quận Ninh Kiều (14) | Quận Bình Thủy (1),Cần Thơ (15)
shopee,19,D19.csv,Quận Ninh Kiều,Cần Thơ,12,Quận Ninh Kiều (12),Cần Thơ (12)
shopee,2,D2.csv,Thành Phố Thủ Đức,TP. HCM,198,Thành Phố Thủ Đức (19) | Gò Vấp (19) | Bình Thạnh (19),TP. HCM (198)
shopee,20,D20.csv,Quận Ninh Kiều,Cần Thơ,7,Quận Ninh Kiều (7),Cần Thơ (7)
shopee,21,D21.csv,Tp. Long Xuyên,An Giang,3,Tp. Long Xuyên (3),An Giang (3)
shopee,22,D22.csv,Tp. Long Xuyên,An Giang,1,Tp. Long Xuyên (1),An Giang (1)
shopee,23,D23.csv,Tp. Biên Hòa,Đồng Nai,15,Tp. Biên Hòa (15),Đồng Nai (15)
shopee,24,D24.csv,Tp. Biên Hòa,Đồng Nai,5,Tp. Biên Hòa (5),Đồng Nai (5)
shopee,25,D25.csv,Tp. Biên Hòa,Đồng Nai,19,Tp. Biên Hòa (19),Đồng Nai (19)
shopee,26,D26.csv,Tp. Biên Hòa,Đồng Nai,8,Tp. Biên Hòa (8),Đồng Nai (8)
shopee,27,D27.csv,Tp. Biên Hòa,Đồng Nai,7,Tp. Biên Hòa (7),Đồng Nai (7)
shopee,28,D28.csv,Tp. Biên Hòa,Đồng Nai,8,Tp. Biên Hòa (8),Đồng Nai (8)
shopee,29,D29.csv,Tp. Biên Hòa,Đồng Nai,9,Tp. Biên Hòa (9),Đồng Nai (9)
shopee,3,D3.csv,Quận 1,TP. HCM,199,Quận 1 (31) | Bình Thạnh (26) | Quận 3 (23),TP. HCM (199)
shopee,30,D30.csv,Tp. Biên Hòa,Đồng Nai,23,Tp. Biên Hòa (23),Đồng Nai (23)
shopee,31,D31.csv,Tp. Biên Hòa,Đồng Nai,11,Tp. Biên Hòa (10) | Long Thành (1),Đồng Nai (11)
shopee,32,D32.csv,Tp. Biên Hòa,Đồng Nai,11,Tp. Biên Hòa (11),Đồng Nai (11)
shopee,33,D33.csv,Thị xã Đồng Xoài,Bình Phước,1,Thị xã Đồng Xoài (1),Bình Phước (1)
shopee,34,D34.csv,Thị xã Đồng Xoài,Bình Phước,1,Thị xã Đồng Xoài (1),Bình Phước (1)
shopee,35,D35.csv,Thị xã Bạc Liêu,Bạc Liêu,4,Thị xã Bạc Liêu (4),Bạc Liêu (4)
shopee,36,D36.csv,Tp. Bến Tre,Bến Tre,2,Tp. Bến Tre (2),Bến Tre (2)
shopee,37,D37.csv,Tp. Cà Mau,Cà Mau,1,Tp. Cà Mau (1),Cà Mau (1)
shopee,38,D38.csv,Dĩ An,Bình Dương,5,Dĩ An (4) | Thị xã Thủ Dầu Một (1),Bình Dương (5)
shopee,39,D39.csv,Thị xã Thủ Dầu Một,Bình Dương,13,Thị xã Thủ Dầu Một (8) | Dĩ An (3) | Bến Cát (1),Bình Dương (13)
shopee,4,D4.csv,Thành Phố Thủ Đức,TP. HCM,156,Thành Phố Thủ Đức (26) | Quận 7 (19) | Quận 1 (13),TP. HCM (156)
shopee,40,D40.csv,Thị xã Thủ Dầu Một,Bình Dương,5,Thị xã Thủ Dầu Một (5),Bình Dương (5)
shopee,41,D41.csv,Thị xã Thủ Dầu Một,Bình Dương,7,Thị xã Thủ Dầu Một (6) | Thuận An (1),Bình Dương (7)
shopee,42,D42.csv,Thị xã Thủ Dầu Một,Bình Dương,9,Thị xã Thủ Dầu Một (7) | Bến Cát (1) | Dĩ An (1),Bình Dương (9)
shopee,43,D43.csv,Thị xã Thủ Dầu Một,Bình Dương,17,Thị xã Thủ Dầu Một (10) | Thuận An (4) | Dĩ An (2),Bình Dương (17)
shopee,44,D44.csv,Thị xã Thủ Dầu Một,Bình Dương,15,Thị xã Thủ Dầu Một (7) | Thuận An (5) | Tân Uyên (1),Bình Dương (15)
shopee,45,D45.csv,Thị xã Thủ Dầu Một,Bình Dương,11,Thị xã Thủ Dầu Một (8) | Dĩ An (2) | Thuận An (1),Bình Dương (11)
shopee,46,D46.csv,Tp. Vũng Tàu,Vũng Tàu,2,Tp. Vũng Tàu (2),Vũng Tàu (2)
shopee,47,D47.csv,Tp. Vũng Tàu,Vũng Tàu,2,Tp. Vũng Tàu (2),Vũng Tàu (2)
shopee,48,D48.csv,Tp. Vũng Tàu,Vũng Tàu,4,Tp. Vũng Tàu (3) | Tp. Bà Rịa (1),Vũng Tàu (4)
shopee,49,D49.csv,Tp. Vũng Tàu,Vũng Tàu,1,Tp. Vũng Tàu (1),Vũng Tàu (1)
shopee,5,D5.csv,Bình Tân,TP. HCM,200,Bình Tân (22) | Quận 1 (20) | Bình Thạnh (20),TP. HCM (200)
shopee,50,D50.csv,Tp. Vũng Tàu,Vũng Tàu,11,Tp. Vũng Tàu (11),Vũng Tàu (11)
shopee,51,D51.csv,Tp. Vũng Tàu,Vũng Tàu,4,Tp. Vũng Tàu (4),Vũng Tàu (4)
shopee,52,D52.csv,Tp. Vũng Tàu,Vũng Tàu,7,Tp. Vũng Tàu (7),Vũng Tàu (7)
shopee,53,D53.csv,Tp. Vũng Tàu,Vũng Tàu,7,Tp. Vũng Tàu (6) | Tp. Bà Rịa (1),Vũng Tàu (7)
shopee,54,D54.csv,Tp. Vũng Tàu,Vũng Tàu,6,Tp. Vũng Tàu (6),Vũng Tàu (6)
shopee,55,D55.csv,Bình Thạnh,TP. HCM,194,Bình Thạnh (23) | Gò Vấp (21) | Thành Phố Thủ Đức (20),TP. HCM (194)
shopee,56,D56.csv,Tân Bình,TP. HCM,134,Tân Bình (21) | Bình Thạnh (15) | Gò Vấp (13),TP. HCM (134)
shopee,57,D57.csv,Tp. Biên Hòa,Đồng Nai,5,Tp. Biên Hòa (5),Đồng Nai (5)
shopee,58,D58.csv,Tp. Biên Hòa,Đồng Nai,11,Tp. Biên Hòa (11),Đồng Nai (11)
shopee,59,D59.csv,Tp. Biên Hòa,Đồng Nai,10,Tp. Biên Hòa (10),Đồng Nai (10)
shopee,6,D6.csv,Thành Phố Thủ Đức,TP. HCM,149,Thành Phố Thủ Đức (25) | Gò Vấp (19) | Tân Phú (18),TP. HCM (149)
shopee,63,D63.csv,Quận Ninh Kiều,Cần Thơ,3,Quận Ninh Kiều (3),Cần Thơ (3)
shopee,64,D64.csv,Quận Ninh Kiều,Cần Thơ,2,Quận Ninh Kiều (2),Cần Thơ (2)
shopee,65,D65.csv,Quận Ninh Kiều,Cần Thơ,7,Quận Ninh Kiều (5) | Quận Cái Răng (1) | Quận Bình Thủy (1),Cần Thơ (7)
shopee,66,D66.csv,Tp. Biên Hòa,Đồng Nai,12,Tp. Biên Hòa (12),Đồng Nai (12)
shopee,67,D67.csv,Dĩ An,Bình Dương,3,Dĩ An (1) | Thị xã Thủ Dầu Một (1) | Thuận An (1),Bình Dương (3)
shopee,68,D68.csv,Thị xã Thủ Dầu Một,Bình Dương,6,Thị xã Thủ Dầu Một (2) | Dĩ An (2) | Thuận An (2),Bình Dương (6)
shopee,69,D69.csv,Thị xã Thủ Dầu Một,Bình Dương,1,Thị xã Thủ Dầu Một (1),Bình Dương (1)
shopee,7,D7.csv,Bình Thạnh,TP. HCM,80,Bình Thạnh (8) | Quận 10 (7) | Quận 8 (7),TP. HCM (80)
shopee,70,D70.csv,Thị xã Thủ Dầu Một,Bình Dương,10,Thị xã Thủ Dầu Một (8) | Dĩ An (1) | Thuận An (1),Bình Dương (10)
shopee,71,D71.csv,Tp. Vũng Tàu,Vũng Tàu,1,Tp. Vũng Tàu (1),Vũng Tàu (1)
shopee,72,D72.csv,Tp. Vũng Tàu,Vũng Tàu,2,Tp. Vũng Tàu (2),Vũng Tàu (2)
shopee,73,D73.csv,Tp. Vũng Tàu,Vũng Tàu,1,Tp. Vũng Tàu (1),Vũng Tàu (1)
shopee,74,D74.csv,Tp. Vũng Tàu,Vũng Tàu,4,Tp. Vũng Tàu (3) | Tp. Bà Rịa (1),Vũng Tàu (4)
shopee,75,D75.csv,Thành Phố Thủ Đức,TP. HCM,200,Thành Phố Thủ Đức (34) | Bình Thạnh (28) | Quận 1 (21),TP. HCM (200)
shopee,76,D76.csv,Thành Phố Thủ Đức,TP. HCM,149,Thành Phố Thủ Đức (23) | Gò Vấp (17) | Bình Tân (12),TP. HCM (149)
shopee,77,D77.csv,Tân Bình,TP. HCM,132,Tân Bình (18) | Thành Phố Thủ Đức (15) | Gò Vấp (12),TP. HCM (132)
shopee,78,D78.csv,Quận Ninh Kiều,Cần Thơ,4,Quận Ninh Kiều (4),Cần Thơ (4)
shopee,79,D79.csv,Quận Ninh Kiều,Cần Thơ,7,Quận Ninh Kiều (6) | Quận Cái Răng (1),Cần Thơ (7)
shopee,8,D8.csv,Thành Phố Thủ Đức,TP. HCM,167,Thành Phố Thủ Đức (25) | Gò Vấp (15) | Quận 7 (13),TP. HCM (167)
shopee,80,D80.csv,Quận Ninh Kiều,Cần Thơ,5,Quận Ninh Kiều (4) | Quận Cái Răng (1),Cần Thơ (5)
shopee,81,D81.csv,Tp. Biên Hòa,Đồng Nai,12,Tp. Biên Hòa (12),Đồng Nai (12)
shopee,82,D82.csv,Tp. Biên Hòa,Đồng Nai,9,Tp. Biên Hòa (9),Đồng Nai (9)
shopee,83,D83.csv,Tp. Vũng Tàu,Vũng Tàu,7,Tp. Vũng Tàu (6) | Tp. Bà Rịa (1),Vũng Tàu (7)
shopee,84,D84.csv,Tp. Vũng Tàu,Vũng Tàu,6,Tp. Vũng Tàu (6),Vũng Tàu (6)
shopee,86,D86.csv,Thị xã Thủ Dầu Một,Bình Dương,11,Thị xã Thủ Dầu Một (6) | Thuận An (3) | Dĩ An (2),Bình Dương (11)
shopee,87,D87.csv,Thị xã Thủ Dầu Một,Bình Dương,15,Thị xã Thủ Dầu Một (11) | Thuận An (2) | Dĩ An (1),Bình Dương (15)
shopee,88,D88.csv,Tp. Vũng Tàu,Vũng Tàu,13,Tp. Vũng Tàu (13),Vũng Tàu (13)
shopee,89,D89.csv,Thị xã Thủ Dầu Một,Bình Dương,4,Thị xã Thủ Dầu Một (4),Bình Dương (4)
shopee,9,D9.csv,Thành Phố Thủ Đức,TP. HCM,163,Thành Phố Thủ Đức (31) | Gò Vấp (15) | Tân Bình (13),TP. HCM (163)
shopee,tmp,Dtmp.csv,Tp. Biên Hòa,Đồng Nai,5,Tp. Biên Hòa (5),Đồng Nai (5)
