RestaurantID,Restaurant Name,Latitude,Longitude,Address,Type,Cuisines,Style,Has_Online_delivery,Has_Table_booking,Has_Wifi,Price,Product_quality(10),Serving_quality(10),Interior_design(10),Average_rating(5),Total votes,Link_Gốc
1,La Cave Wine Shop & Bistro,10.7813312000000,106.7059020000000,"19 Ngô Văn Năm, Quận 1, TP. HCM",,,,no,yes,yes,300.000 -1.000.000,9.1,6.5,6.4,7.0,"1,257",https://www.foody.vn/ho-chi-minh/la-cave-french-wine-lounge
2,The Sushi Bar - Thiên Quế - Hai Bà Trưng,10.7853420000000,106.6942670000000,"179B Hai Bà Trưng, P. 6, Quận 3, TP. HCM",,,,yes,yes,yes,100.000 -330.000,7.7,7.2,7.3,7.3,423,https://www.foody.vn/ho-chi-minh/the-sushi-bar-thien-que-hai-ba-trung
3,Monkey In Black Cafe - Trần Quang Khải,10.7912622000000,106.6880946000000,"263 Trần Quang Khải, P. Tân Định, Quận 1, TP. HCM",,,,yes,no,yes,25.000 -100.000,7.5,7.9,7.7,7.5,"1,146",https://www.foody.vn/ho-chi-minh/monkey-in-black
3,"Monkey In Black - Milo Dầm, Trà Sữa & Cà Phê",10.7710580000000,106.6700968000000,"698 Sư Vạn Hạnh, Quận 10, TP. HCM",,,,yes,yes,yes,17.000 -49.000,7.7,8.0,7.7,7.6,"1,150",https://www.foody.vn/ho-chi-minh/monkey-in-black-milo-dam-tra-sua-ca-phe
4,Yoshino Japanese Restaurant - Lotte Hotel Saigon,10.7782310000000,106.7069970000000,"Lotte Legend Hotel, 2A - 4A Tôn Đức Thắng, P. Bến Nghé, Quận 1, TP. HCM",,,,no,yes,yes,100.000 -550.000,6.8,7.2,7.4,6.9,12,https://www.foody.vn/ho-chi-minh/yoshino-japanese-restaurant-lotte-hotel-saigon
4,Crystal Jade Palace - Lotte Legend Saigon Hotel,10.7782310000000,106.7069970000000,"Legend Hotel, 2A - 4A Tôn Đức Thắng, P. Bến Nghé, Quận 1, TP. HCM",,,,no,yes,yes,66.000 -500.000,9.7,9.6,9.6,9.6,840,https://www.foody.vn/ho-chi-minh/crystal-jade-palace-legend-lounge-sai-gon
4,Legend Lounge - Lotte Legend Saigon Hotel,10.7788400000000,106.7072150000000,"Lotte Legend Hotel, 2A - 4A Tôn Đức Thắng, P. Bến Nghé, Quận 1, TP. HCM",,,,no,yes,yes,150.000 -300.000,7.6,7.9,8.7,8.0,18,https://www.foody.vn/ho-chi-minh/legend-lounge-lotte-legend-hotel
4,Lotte Legend Saigon Hotel,10.7776410000000,106.7070510000000,"2A - 4A Tôn Đức Thắng, P. Bến Nghé, Quận 1, TP. HCM",,,,no,yes,yes,200.000 -500.000,7.2,7.1,7.2,7.1,161,https://www.foody.vn/ho-chi-minh/lotte-legend-hotel-saigon
4,Tropicana Pool Bar & Eatery - Lotte Legend Saigon Hotel,10.7786640000000,106.7067600000000,"2A - 4A Tôn Đức Thắng, P. Bến Nghé, Quận 1, TP. HCM",,,,yes,no,yes,,6.5,6.3,7.6,7.1,8,https://www.foody.vn/ho-chi-minh/tropicana-pool-bar-eatery-lotte-legend-saigon-hotel
5,Morico - Contemporary Japanese Lifestyle - Lê Lợi,10.7744540000000,106.7007420000000,"30 Lê Lợi, P. Bến Nghé, Quận 1, TP. HCM",,,,yes,yes,yes,70.000 -165.000,8.0,7.8,7.8,7.7,"1,422",https://www.foody.vn/ho-chi-minh/morico-modern-japanese-restaurant-cafe-le-loi
5,Morico - Contemporary Japanese Lifestyle - Vincom Center,10.7784420000000,106.7021580000000,"Tầng B3 Vincom Center, 70 - 72 Lê Thánh Tôn, P. Bến Nghé, Quận 1, TP. HCM",,,,yes,yes,yes,70.000 -220.000,8.2,7.9,7.7,7.7,558,https://www.foody.vn/ho-chi-minh/morico-modern-japanese-restaurant-cafe-vincom-center
5,Morico - Contemporary Japanese Lifestyle - Saigon Pearl,10.7908811000000,106.7190231000000,"Tầng trệt, Tòa nhà Sapphire, Số 92 Nguyễn Hữu Cảnh, P. 22, Quận Bình Thạnh, TP. HCM",,,,yes,yes,yes,70.000 -165.000,8.0,7.9,7.8,7.6,218,https://www.foody.vn/ho-chi-minh/morico-modern-japanese-restaurant-cafe-saigon-pearl
5,Morico - Contemporary Japanese Lifestyle - Mplaza Saigon,10.7808820000000,106.7011180000000,"Tầng trệt Tòa nhà mPlaza Saigon, Số 39 Lê Duẩn, P. Bến Nghé, Quận 1, TP. HCM",,,,yes,yes,yes,70.000 -165.000,8.2,7.9,7.9,7.8,404,https://www.foody.vn/ho-chi-minh/morico-modern-japanese-restaurant-cafe-mplaza-saigon
5,Morico - Contemporary Japanese Lifestyle - Crescent Mall,10.7278570000000,106.7181740000000,"Tầng 2 Crescent Mall, 101 Tôn Dật Tiên, P. Tân Phú, Quận 7, TP. HCM",,,,yes,yes,yes,70.000 -165.000,8.2,7.9,8.0,7.8,392,https://www.foody.vn/ho-chi-minh/morico-modern-japanese-restaurant-cafe-crescent-mall
5,Morico - Contemporary Japanese Lifestyle - Somerset,10.7839575000000,106.6997422000000,"11 Mạc Đĩnh Chi, P. Bến Nghé, Quận 1, TP. HCM",,,,no,no,yes,70.000 -220.000,8.4,8.3,8.1,8.0,272,https://www.foody.vn/ho-chi-minh/morico-modern-japanese-restaurant-cafe-somerset
5,Morico - Contemporary Japanese Lifestyle - Diamond Island,10.7785681000000,106.7459079000000,"Tháp 4, Đảo Kim Cương, P. Bình Trưng Tây, Tp. Thủ Đức, TP. HCM",,,,yes,no,no,38.000 -588.000,0.0,0.0,6.2,5.5,5,https://www.foody.vn/ho-chi-minh/morico-contemporary-japanese-lifestyle-diamond-island
6,Partea - English Tearoom - Nguyễn Huệ,10.7739210000000,106.7043100000000,"Tầng 4, 42 Nguyễn Huệ, Quận 1, TP. HCM",,,,no,no,yes,50.000 -80.000,7.8,7.4,8.3,7.6,749,https://www.foody.vn/ho-chi-minh/partea-english-tearoom
6,Partea - English Tearoom - Nguyễn Thị Minh Khai,10.7741310000000,106.6899050000000,"240 Nguyễn Thị Minh Khai, P. 6, Quận 3, TP. HCM",,,,no,no,yes,50.000 -200.000,6.8,6.5,7.5,6.8,14,https://www.foody.vn/ho-chi-minh/partea-english-tearoom-nguyen-thi-minh-khai
6,Partea - English Tearoom - Nguyễn Huệ - Gian 2,10.7739210000000,106.7043100000000,"Tầng 4, 42 Nguyễn Huệ, Quận 1, TP. HCM",,,,no,no,yes,50.000 -200.000,7.0,6.9,6.9,6.9,43,https://www.foody.vn/ho-chi-minh/partea-english-tearoom-nguyen-hue-gian-2
7,Pizza 4P’s - Pizza Kiểu Nhật - Lê Thánh Tôn,10.7818780000000,106.7050550000000,"8/15 Lê Thánh Tôn, P. Bến Nghé, Quận 1, TP. HCM",,,,no,yes,yes,250.000 -500.000,8.5,8.0,8.1,7.9,"1,170",https://www.foody.vn/ho-chi-minh/pizza-4p-s-pizza-kieu-nhat-le-thanh-ton
7,Pizza 4P’s - Pizza Kiểu Nhật - Nguyễn Văn Linh,10.7314670000000,106.7156540000000,"Lô MD2, Nguyễn Văn Linh, P Tân Phú, Quận 7, TP. HCM",,,,no,yes,yes,200.000 -300.000,8.6,8.5,8.6,8.1,180,https://www.foody.vn/ho-chi-minh/pizza-4p-s-pizza-kieu-nhat-nguyen-van-linh
7,Pizza 4P's - Pizza Kiểu Nhật - Thủ Khoa Huân,10.7734580000000,106.6975160000000,"8 Thủ Khoa Huân, P. Bến Thành, Quận 1, TP. HCM",,,,no,yes,yes,150.000 -300.000,8.5,8.5,8.5,8.3,253,https://www.foody.vn/ho-chi-minh/pizza-4p-s-pizza-kieu-nhat-thu-khoa-huan
7,Pizza 4P's - Pizza Kiểu Nhật - Saigon Centre,10.7737260000000,106.7008770000000,"01 - 2 Lầu 6 Saigon Centre, 65 Lê Lợi, P. Bến Nghé, Quận 1, TP. HCM",,,,yes,no,yes,250.000 -400.000,8.8,8.2,8.6,8.4,122,https://www.foody.vn/ho-chi-minh/pizza-4p-s-pizza-kieu-nhat-saigon-centre
7,Pizza 4P's - Pizza Kiểu Nhật - Hai Bà Trưng,10.7833510000000,106.6971768000000,"151 Hai Bà Trưng, Quận 3, TP. HCM",,,,no,yes,yes,250.000 -400.000,8.4,8.3,8.5,8.1,163,https://www.foody.vn/ho-chi-minh/pizza-4p-s-pizza-kieu-nhat-hai-ba-trung
7,Pizza 4P’s - Pizza Kiểu Nhật - Võ Văn Kiệt,10.7549498359776,106.6877581087406,"608 Võ Văn Kiệt, P. Cầu Kho, Quận 1, TP. HCM",,,,no,no,yes,200.000 -500.000,9.2,9.0,8.8,8.8,34,https://www.foody.vn/ho-chi-minh/pizza-4p-s-pizza-kieu-nhat-vo-van-kiet
7,Pizza 4P's - Pizza Kiểu Nhật - Xuân Thủy,10.8026790000000,106.7307880000000,"48/1 Xuân Thủy, P. Thảo Điền, Quận 2, TP. HCM",,,,yes,no,yes,250.000 -500.000,9.2,8.7,8.8,8.7,45,https://www.foody.vn/ho-chi-minh/pizza-4p-s-pizza-kieu-nhat-xuan-thuy
7,Pizza 4P’S - Pizza Kiểu Nhật - Lê Đại Hành,10.7650671003810,106.6552624895146,"184 Lê Đại Hành, P. 15, Quận 11, TP. HCM",,,,no,yes,yes,200.000 -500.000,9.4,9.2,9.1,8.8,13,https://www.foody.vn/ho-chi-minh/pizza-4p-s-pizza-kieu-nhat-le-dai-hanh
7,Pizza 4P's - Pizza Kiểu Nhật - Estella Place,10.8021050000000,106.7485740000000,"88 Song Hành, P. An Phú, Quận 2, TP. HCM",,,,no,no,no,100.000 -400.000,6.7,7.4,7.9,7.2,14,https://www.foody.vn/ho-chi-minh/pizza-4p-s-pizza-kieu-nhat-estella-place
7,Pizza 4P'S - Pizza Kiểu Nhật - Saigon Pearl,10.7895726036796,106.7207458097869,"Tầng Trệt, Ruby Home 1, 92 Nguyễn Hữu Cảnh, P. 22, Quận Bình Thạnh, TP. HCM",,,,yes,yes,yes,50.000 -300.000,8.4,8.9,8.4,8.4,9,https://www.foody.vn/ho-chi-minh/pizza-4p-s-pizza-kieu-nhat-saigon-pearl
8,Shri - Rooftop Restaurant & Lounge,10.7826100000000,106.6974270000000,"Lầu 23 Centec Tower, 72 - 74 Nguyễn Thi Minh Khai, Quận 3, TP. HCM",,,,no,yes,yes,300.000 -660.000,8.6,8.7,9.2,8.8,258,https://www.foody.vn/ho-chi-minh/shri-restaurant-lounge
9,Dim Tu Tac - Nhà Hàng Quảng Đông - Trần Hưng Đạo,10.7527580000000,106.6712930000000,"29B Trần Hưng Đạo, P. 6, Quận 5, TP. HCM",,,,no,yes,yes,100.000 -400.000,9.0,6.5,6.6,7.0,"1,165",https://www.foody.vn/ho-chi-minh/dim-tu-tac-mon-quang-dong-tran-hung-dao
9,Dim Tu Tac - Nhà Hàng Quảng Đông - Tân Sơn Nhất Hotel,10.8001240000000,106.6707520000000,"Tầng 2, Tân Sơn Nhất Hotel, 202 Hoàng Văn Thụ, Quận Phú Nhuận, TP. HCM",,,,no,no,yes,100.000 -500.000,7.5,7.0,7.4,7.3,41,https://www.foody.vn/ho-chi-minh/dim-tu-tac-nha-hang-quang-dong-tan-son-nhat-hotel
10,Starbucks Coffee - New World,10.7711170000000,106.6937040000000,"Góc Phạm Hồng Thái & Nguyễn Thị Nghĩa, 76 Đ. Nguyễn Thị Nghĩa, Quận 1, TP. HCM",,,,no,no,yes,50.000 -220.000,7.2,7.2,7.7,7.2,735,https://www.foody.vn/ho-chi-minh/starbucks-pham-hong-thai
10,Starbucks Coffee - Phan Xích Long,10.7974560000000,106.6900010000000,"214 - 216 Phan Xích Long, Quận Phú Nhuận, TP. HCM",,,,no,no,yes,70.000 -200.000,7.4,7.6,7.8,7.4,326,https://www.foody.vn/ho-chi-minh/starbucks-coffee-phan-xich-long
10,Starbucks Coffee - Panorama,10.7214822000000,106.7140299000000,"SN-44 Tòa Nhà Panorama, P. Tân Phong, Quận 7, TP. HCM",,,,yes,no,yes,75.000 -120.000,7.8,7.6,7.8,7.5,75,https://www.foody.vn/ho-chi-minh/starbucks-coffee-panorama
10,Starbucks Coffee - Mplaza Saigon,10.7843863000000,106.7023408000000,"Mplaza Saigon, 39 Lê Duẩn, P. Bến Nghé, Quận 1, TP. HCM",,,,no,no,yes,50.000 -200.000,8.3,8.0,8.2,7.9,120,https://www.foody.vn/ho-chi-minh/starbucks-coffee-mplaza-saigon
10,Starbucks Coffee - Nguyễn Huệ,10.7730970000000,106.7043330000000,"99 Nguyễn Huệ, P. Bến Nghé, Quận 1, TP. HCM",,,,no,no,yes,100.000 -200.000,7.7,7.9,7.5,7.6,106,https://www.foody.vn/ho-chi-minh/starbucks-coffee-nguyen-hue-196982
10,Starbucks Coffee - Emart,10.8227380000000,106.6935720000000,"Emart, 366 Phan Văn Trị, P. 5, Quận Gò Vấp, TP. HCM",,,,no,no,yes,35.000 -100.000,7.5,7.4,7.6,7.3,109,https://www.foody.vn/ho-chi-minh/starbucks-coffee-emart
10,Starbucks Coffee - Lakai Building,10.7536690000000,106.6696500000000,"98 Nguyễn Tri Phương, Quận 5, TP. HCM",,,,yes,no,yes,60.000 -100.000,7.6,8.0,7.8,7.6,94,https://www.foody.vn/ho-chi-minh/starbucks-coffee-lakai-building
10,Starbucks Coffee - Nguyễn Văn Trỗi,10.7949150000000,106.6770600000000,"66 Nguyễn Văn Trỗi, Quận Phú Nhuận, TP. HCM",,,,no,no,yes,80.000 -200.000,7.5,7.3,7.8,7.4,68,https://www.foody.vn/ho-chi-minh/starbucks-coffee-297589
10,Starbucks Coffee – The Vista,10.8050400000000,106.7519270000000,"The Vista An Phú, 628C Xa Lộ Hà Nội, P. An Phú, Tp. Thủ Đức, TP. HCM",,,,no,no,yes,50.000 -150.000,7.8,7.6,9.0,8.1,13,https://www.foody.vn/ho-chi-minh/starbucks-coffee-the-vista
10,Starbucks Coffee - Hồng Hà,10.8132440000000,106.6656820000000,"2 Hồng Hà, P. 2, Quận Tân Bình, TP. HCM",,,,no,no,yes,75.000 -150.000,6.9,7.4,7.8,7.3,19,https://www.foody.vn/ho-chi-minh/starbucks-coffee-hong-ha
10,Starbucks Coffee - TTTM RomeA,10.7778320000000,106.6895890000000,"Tầng Trệt TTTM RomeA, 117 Nguyễn Đình Chiểu, P. 6, Quận 3, TP. HCM",,,,no,no,yes,50.000 -220.000,7.8,8.2,8.2,7.9,32,https://www.foody.vn/ho-chi-minh/starbucks-coffee-tttm-romea
10,Starbucks Coffee - Cách Mạng Tháng 8,10.7766470000000,106.6837655000000,"241Bis Cách Mạng Tháng 8, P. 4, Quận 3, TP. HCM",,,,no,no,yes,40.000 -110.000,7.6,7.2,7.2,7.2,39,https://www.foody.vn/ho-chi-minh/starbucks-coffee-cach-mang-thang-8
11,Sumo BBQ - Phan Xích Long - Buffet Nướng & Lẩu,10.7975160000000,106.6898630000000,"210 Phan Xích Long, P. 2, Quận Phú Nhuận, TP. HCM",,,,no,yes,yes,300.000 -407.000,7.8,7.7,7.6,7.7,315,https://www.foody.vn/ho-chi-minh/sumo-bbq-phan-xich-long
11,Sumo BBQ - Lê Văn Sỹ - Buffet Nướng & Lẩu,10.7964850000000,106.6653910000000,"300 Lê Văn Sỹ, P. 1, Quận Tân Bình, TP. HCM",,,,no,yes,yes,300.000 -407.000,8.0,7.7,7.9,7.7,341,https://www.foody.vn/ho-chi-minh/sumo-bbq-le-van-sy
11,Sumo BBQ - Quang Trung - Buffet Nướng & Lẩu,10.8290085000000,106.6732790000000,"50 Quang Trung, P. 10, Quận Gò Vấp, TP. HCM",,,,no,yes,yes,300.000 -407.000,7.9,7.5,7.5,7.4,102,https://www.foody.vn/ho-chi-minh/sumo-bbq-quang-trung-buffet-nuong-lau
11,Sumo BBQ - Cao Thắng - Buffet Nướng & Lẩu,10.7705650000000,106.6811300000000,"59B Cao Thắng, Quận 3, TP. HCM",,,,no,yes,yes,239.000 -378.000,7.6,7.2,7.4,7.3,346,https://www.foody.vn/ho-chi-minh/sumo-bbq-cao-thang-buffet-nuong-lau
11,Sumo BBQ - SC VivoCity - Buffet Nướng & Lẩu,10.7300774000000,106.7036149000000,"Tầng 2 Lô 02 - 39 SC Vivo City, 1058 Nguyễn Văn Linh, KP. 1, P. Tân Phong, Quận 7, TP. HCM",,,,yes,yes,yes,300.000 -407.000,8.6,8.4,8.5,8.4,294,https://www.foody.vn/ho-chi-minh/sumo-bbq-buffet-nuong-lau-sc-vivocity
11,Sumo BBQ - Vincom Mega Mall Thảo Điền - Buffet Nướng & Lẩu,10.8021270000000,106.7406990000000,"Tầng 4, Vincom Mega Mall Thảo Điền, 159 Xa Lộ Hà Nội, P. Thảo Điền, Tp. Thủ Đức, TP. HCM",,,,no,yes,yes,300.000 -400.000,8.3,8.3,8.3,8.2,129,https://www.foody.vn/ho-chi-minh/sumo-bbq-vincom-mega-mall-thao-dien-buffet-nuong-lau
11,Sumo BBQ - TTTM Đông Phương - Buffet Nướng & Lẩu,10.7897904000000,106.6402486000000,"TTTM Đông Phương, 685 Âu Cơ, P. Tân Thành, Quận Tân Phú, TP. HCM",,,,no,yes,yes,300.000 -500.000,8.8,8.5,8.8,8.7,99,https://www.foody.vn/ho-chi-minh/sumo-bbq-tttm-dong-phuong-buffet-nuong-lau
11,Sumo BBQ - Aeon Mall Bình Tân - Buffet Nướng & Lẩu,10.7426740000000,106.6121070000000,"Tầng Trệt Aeon Mall Bình Tân, 1 Đường Số 17A, P. Bình Trị Đông, Quận Bình Tân, TP. HCM",,,,no,yes,yes,300.000 -450.000,8.6,8.7,8.7,8.5,79,https://www.foody.vn/ho-chi-minh/sumo-bbq-aeon-mall-binh-tan-710660
11,Sumo BBQ - Vạn Hạnh Mall - Buffet Nướng & Lẩu,10.7708430000000,106.6699317000000,"Tầng 5 Vạn Hạnh Mall, 11 Sư Vạn Hạnh, P. 12, Quận 10, TP. HCM",,,,no,yes,yes,269.000 -389.000,8.5,8.1,8.7,8.2,66,https://www.foody.vn/ho-chi-minh/sumo-bbq-van-hanh-mall-buffet-nuong-lau
11,Sumo BBQ - Phan Văn Trị - Buffet Nướng & Lẩu,10.8229990000000,106.6927620000000,"439A1 Phan Văn Trị, P. 5, Quận Gò Vấp, TP. HCM",,,,no,no,yes,300.000 -500.000,6.6,6.6,7.0,6.8,31,https://www.foody.vn/ho-chi-minh/sumo-bbq-phan-van-tri-buffet-nuong-lau
11,Sumo BBQ - Gigamall - Buffet Nướng & Lẩu,10.8284250000000,106.7219990000000,"Gian Hàng 05 - 16, 05 - 17, Tầng 5 Giga Mall, 240 - 242 Phạm Văn Đồng, P. Hiệp Bình Chánh, Tp. Thủ Đức, TP. HCM",,,,no,yes,yes,300.000 -407.000,9.6,9.6,9.6,9.6,275,https://www.foody.vn/ho-chi-minh/sumo-bbq-giga-mall-buffet-nuong-lau
11,,null,null,,,,,yes,yes,yes,,0.0,0.0,0.0,,,https://www.foody.vn/thuong-hieu/%7B%7BModel.Url%7D%7D
12,Dynasty House - Phùng Khắc Khoan,10.7875895378245,106.6950305969446,"40 Phùng Khắc Khoan, P. Đa Kao, Quận 1, TP. HCM",,,,no,no,no,50.000 -500.000,9.8,9.8,9.8,9.8,"1,087",https://www.foody.vn/ho-chi-minh/dynasty-house-phung-khac-khoan
13,"Highlands Coffee - Trà, Cà Phê & Bánh - SG Centre",10.7731590000000,106.7010940000000,"Tầng Hầm 2 - 15 TTTM Takashimaya, 92 - 94 Nam Kỳ Khởi Nghĩa, P. Bến Nghé, Quận 1, TP. HCM",,,,no,yes,yes,9.000 -65.000,7.7,7.4,7.4,7.5,97,https://www.foody.vn/ho-chi-minh/highlands-coffee-tra-ca-phe-banh-sg-centre
13,"Highlands Coffee - Trà, Cà Phê & Bánh - Mạc Đĩnh Chi",10.7853140000000,106.6985750000000,"39 Mạc Đĩnh Chi, P. Đakao, Quận 1, TP. HCM",,,,yes,yes,yes,9.000 -65.000,7.5,7.1,7.7,7.4,129,https://www.foody.vn/ho-chi-minh/highlands-coffee-tra-ca-phe-banh-mac-dinh-chi
13,"Highlands Coffee - Trà, Cà Phê & Bánh - Vincom B3",10.7779210000000,106.7017280000000,"Tầng B3 Vincom Center, 72 Lê Thánh Tôn, P. Bến Nghé, Quận 1, TP. HCM",,,,no,yes,yes,9.000 -65.000,7.5,7.0,7.2,7.3,187,https://www.foody.vn/ho-chi-minh/highlands-coffee-tra-ca-phe-banh-vincom-b3
13,"Highlands Coffee - Trà, Cà Phê & Bánh - Saigon Trade",10.7843620000000,106.7036230000000,"37 Tôn Đức Thắng, P. Bến Nghé, Quận 1, TP. HCM",,,,no,yes,yes,9.000 -65.000,7.5,7.1,7.3,7.3,42,https://www.foody.vn/ho-chi-minh/highlands-coffee-tra-ca-phe-banh-saigon-trade
13,Highlands Coffee - SG Tower,10.7827630000000,106.7009890000000,"Saigon Tower, 29 Lê Duẩn, P. Bến Nghé, Quận 1, TP. HCM",,,,no,yes,yes,9.000 -65.000,7.6,7.1,6.4,7.2,16,https://www.foody.vn/ho-chi-minh/highlands-coffee-sai-gon-tower
13,"Highlands Coffee - Trà, Cà Phê & Bánh - Diamond",10.7808612000000,106.6979625000000,"Diamond Plaza, 34 Lê Duẩn, P. Bến Nghé, Quận 1, TP. HCM",,,,no,yes,yes,9.000 -65.000,7.5,7.3,7.5,7.5,163,https://www.foody.vn/ho-chi-minh/highlands-coffee-tra-ca-phe-banh-diamond
13,"Highlands Coffee - Trà, Cà Phê & Bánh - Liberty Phạm Ngũ Lão",10.7686520000000,106.6933830000000,"187 Phạm Ngũ Lão, P. Phạm Ngũ Lão, Quận 1, TP. HCM",,,,no,yes,yes,9.000 -65.000,7.1,6.9,7.0,7.0,499,https://www.foody.vn/ho-chi-minh/highlands-coffee-tra-ca-phe-banh-liberty-pham-ngu-lao
13,Highlands Coffee - Food Court Parkson Hùng Vương,10.7560920000000,106.6622200000000,"Tầng 4, Food Court Parkson Hùng Vương,126 Hùng Vương, P. 12, Quận 5, TP. HCM",,,,no,yes,yes,9.000 -65.000,7.5,7.1,7.1,7.2,104,https://www.foody.vn/ho-chi-minh/highlands-coffee-food-court-parkson-hung-vuong
13,"Highlands Coffee - Trà, Cà Phê & Bánh - Lotte Mart Nam Sài Gòn",10.7410030000000,106.7013390000000,"Tầng Trệt, Lotte Mart Nam Sài Gòn, 469 Nguyễn Hữu Thọ, P. Tân Hưng, Quận 7, TP. HCM",,,,no,no,yes,9.000 -65.000,7.3,6.8,7.5,7.2,81,https://www.foody.vn/ho-chi-minh/highlands-coffee-tra-ca-phe-banh-lotte-mart-nam-sai-gon
13,"Highlands Coffee - Trà, Cà Phê & Bánh - Garden Plaza",10.7222656000000,106.7125781000000,"SB-01, Garden Plaza 1, 22 Tôn Dật Tiên, P. Tân Phong, Quận 7, TP. HCM",,,,no,no,yes,30.000 -100.000,7.3,6.7,7.8,7.2,40,https://www.foody.vn/ho-chi-minh/highlands-coffee-tra-ca-phe-banh-garden-plaza
13,Highlands Coffee - Parkson Paragon,10.7312000000000,106.7201810000000,"3 Nguyễn Lương Bằng, P. Tân Phú, Quận 7, TP. HCM",,,,no,yes,yes,9.000 -65.000,7.7,7.4,7.5,7.6,13,https://www.foody.vn/ho-chi-minh/highlands-coffee-parkson-paragon
13,"Highlands Coffee - Trà, Cà Phê & Bánh - The Manor",10.7927860000000,106.7179620000000,"The Manor, 91 Nguyễn Hữu Cảnh, P. 22, Quận Bình Thạnh, TP. HCM",,,,no,yes,yes,9.000 -65.000,7.5,7.1,7.8,7.4,42,https://www.foody.vn/ho-chi-minh/highlands-coffee-tra-ca-phe-banh-the-manor
14,Paris Baguette - Cao Thắng,10.7682080000000,106.6841500000000,"1 Cao Thắng, P. 2, Quận 3, TP. HCM",,,,no,no,yes,10.000 -66.000,7.5,6.5,7.8,7.2,667,https://www.foody.vn/ho-chi-minh/paris-baguette-cao-thang
14,Paris Baguette - Sky Garden,10.7302920000000,106.7066910000000,"Khu Phố Sky Garden 2, Phạm Văn Nghị - Bắc, P. Tân Phong, Quận 7, TP. HCM",,,,no,no,yes,20.000 -66.000,7.6,6.7,7.7,7.3,42,https://www.foody.vn/ho-chi-minh/paris-baguette-sky-garden
14,Paris Baguette - Crescent Mall,10.7293049000000,106.7188302000000,"Lô GF-57 Tầng trệt, Trung Tâm Thương Mại Crescent Mall, 101 Tôn Dật Tiên, P. Tân Phong, Quận 7, TP. HCM",,,,no,no,yes,20.000 -450.000,6.6,0.0,7.1,6.6,52,https://www.foody.vn/ho-chi-minh/paris-baguette-crescent-mall
14,Paris Baguette - Thiso Mall,10.7724549000000,106.7221469000000,"L1-03 Tầng 1, Khu Cao Ốc Văn Phòng - Thương Mại - Dịch Vụ Tổng Hợp Lô 5-5, Số 8 - 10 Mai Chí Thọ, P. Thủ Thiêm, Tp. Thủ Đức, TP. HCM",,,,no,yes,yes,10.000 -550.000,6.1,0.0,6.5,6.2,13,https://www.foody.vn/ho-chi-minh/paris-baguette-thiso-mall
14,Paris Baguette - Thảo Điền,10.8043740000000,106.7371130000000,"26 Thảo Điền, P. Thảo Điền, Tp. Thủ Đức, TP. HCM",,,,no,no,yes,10.000 -550.000,0.0,6.0,7.5,6.3,2,https://www.foody.vn/ho-chi-minh/paris-baguette-thao-dien
14,Paris Baguette - Nguyễn Thị Minh Khai,10.7824469000000,106.6969405000000,"82A Nguyễn Thị Minh Khai, P. 6, Quận 3, TP. HCM",,,,no,no,no,10.000 -550.000,9.0,8.0,9.0,8.4,1,https://www.foody.vn/ho-chi-minh/paris-baguette-nguyen-thi-minh-khai
15,Oromia Coffee - Nam Kỳ Khởi Nghĩa,10.7864664000000,106.6871420000000,"193A/D3 Nam Kỳ Khởi Nghĩa, Quận 3, TP. HCM",,,,no,no,yes,36.000 -146.000,7.8,7.9,8.6,7.7,"1,219",https://www.foody.vn/ho-chi-minh/oromia-coffee-nam-ky-khoi-nghia
16,Au Lac Do Brazil - Thịt Nướng Brazil - Pasteur,10.7851720000000,106.6906840000000,"238 Pasteur, P. 6, Quận 3, TP. HCM",,,,no,yes,no,39.000 -850.000,9.6,9.6,9.6,9.6,654,https://www.foody.vn/ho-chi-minh/au-lac-do-brazil-thit-nuong-brazil-pasteur
17,San Fu Lou - Ẩm Thực Quảng Đông - Lê Lai,10.7705370000000,106.6943050000000,"Tầng Trệt, AB Tower, 76A Lê Lai, P. Bến Thành, Quận 1, TP. HCM",,,,no,yes,yes,30.000 -190.000,7.8,7.7,8.2,7.7,621,https://www.foody.vn/ho-chi-minh/nha-hang-san-fu-lou
17,San Fu Lou - Ẩm Thực Quảng Đông - Phan Xích Long,10.7984570000000,106.6874280000000,"195 - 197 Phan Xích Long, P. 2, Quận Phú Nhuận, TP. HCM",,,,no,yes,yes,30.000 -190.000,7.5,7.4,7.9,7.4,324,https://www.foody.vn/ho-chi-minh/san-fu-lou-cantonese-kitchen-phan-xich-long
17,San Fu Lou - Ẩm Thực Quảng Đông - Cao Thắng,10.7686161000000,106.6839611000000,"2A Cao Thắng, P. 5, Quận 3, TP. HCM",,,,no,yes,yes,30.000 -190.000,7.7,7.6,7.9,7.6,143,https://www.foody.vn/ho-chi-minh/san-fu-lou-am-thuc-quang-dong-cao-thang
17,San Fu Lou - Ẩm Thực Quảng Đông - Crescent Mall,10.7288145000000,106.7187682000000,"GF 29A - Tầng Trệt, Tầng Trệt Crescent Mall, 101 Tôn Dật Tiên, P. Tân Phú, Quận 7, TP. HCM",,,,no,yes,yes,30.000 -190.000,7.3,6.9,7.2,7.0,82,https://www.foody.vn/ho-chi-minh/san-fu-lou-am-thuc-trung-hoa-crescent-mall
17,San Fu Lou - Ẩm Thực Quảng Đông - Vincom Center,10.7781984000000,106.7018236000000,"Tầng B3 Vincom Center, 72 Lê Thánh Tôn, P. Bến Nghé, Quận 1, TP. HCM",,,,no,yes,yes,30.000 -190.000,7.9,7.6,7.3,7.4,33,https://www.foody.vn/ho-chi-minh/san-fu-lou-am-thuc-quang-dong-vincom-center
17,San Fu Lou - Ẩm Thực Quảng Đông - Quang Trung,10.8265070000000,106.6790010000000,"1 Quang Trung, P. 3, Quận Gò Vấp, TP. HCM",,,,yes,yes,yes,45.000 -250.000,7.3,6.7,7.0,7.3,3,https://www.foody.vn/ho-chi-minh/san-fu-lou-am-thuc-quang-dong-quang-trung
17,San Fu Lou - Song Hành,10.8000628000000,106.7366832000000,"40 Song Hành, P. An Phú, Tp. Thủ Đức, TP. HCM",,,,no,no,yes,30.000 -190.000,6.8,0.0,6.5,6.4,4,https://www.foody.vn/ho-chi-minh/san-fu-lou-song-hanh
17,San Fu Lou - Dimsum & Hotpot - Song Hành,10.7999363000000,106.7367046000000,"40 Song Hành, KĐT. An Phú, P. An Phú, Tp. Thủ Đức, TP. HCM",,,,no,no,no,30.000 -190.000,0.0,0.0,0.0,2.0,1,https://www.foody.vn/ho-chi-minh/san-fu-lou-dimsum-hotpot-song-hanh
17,San Fu Lou - Ẩm Thực Quảng Đông - Trường Sơn,10.8082951000000,106.6649137000000,"18A Trường Sơn, P. 2, Quận Tân Bình, TP. HCM",,,,no,no,no,30.000 -190.000,8.0,10.0,9.5,8.8,2,https://www.foody.vn/ho-chi-minh/san-fu-lou-am-thuc-quang-dong-truong-son
17,San Fu Lou - Ẩm Thực Quảng Đông - Mplaza,10.7817527000000,106.7000475000000,"Tầng B1 Mplaza, 39 Lê Duẩn, P. Bến Nghé, Quận 1, TP. HCM",,,,no,no,no,30.000 -190.000,7.5,7.5,7.5,7.0,2,https://www.foody.vn/ho-chi-minh/san-fu-lou-am-thuc-quang-dong-mplaza
18,Moon Fast Food - Món Hàn - Trường Chinh,10.7966868000000,106.6478011000000,"013 CC CMT8 - 162T Trường Chinh, P. 12, Quận Tân Bình, TP. HCM",,,,yes,yes,yes,12.000 -30.000,7.6,6.7,6.4,6.9,566,https://www.foody.vn/ho-chi-minh/moon-fast-food-mon-han-truong-chinh
19,Marukame Udon - AEON Mall Tân Phú,10.8013920000000,106.6179290000000,"Tầng 3 AEON Mall Tân Phú, 30 Bờ Bao Tân Thắng, P. Sơn Kỳ, Quận Tân Phú, TP. HCM",,,,no,no,yes,60.000 -165.000,8.0,7.6,7.6,7.5,463,https://www.foody.vn/ho-chi-minh/marukame-udon-aeon-mall
19,Marukame Udon - Udon & Tempura - Lý Tự Trọng,10.7727820000000,106.6954290000000,"215 Lý Tự Trọng, P. Bến Thành, Quận 1, TP. HCM",,,,no,yes,yes,60.000 -300.000,7.8,7.2,7.4,7.4,716,https://www.foody.vn/ho-chi-minh/marukame-udon-udon-tempura
19,Marukame Udon - SC VivoCity,10.7302092000000,106.7037088000000,"Tầng 2 - SC VivoCity, 1058 Nguyễn Văn Linh, KP. 1, P. Tân Phong, Quận 7, TP. HCM",,,,no,no,yes,60.000 -170.000,7.8,7.3,7.3,7.4,183,https://www.foody.vn/ho-chi-minh/marukame-udon-sc-vivocity
19,Marukame Udon - Udon & Tempura - Hai Bà Trưng,10.7901680000000,106.6893180000000,"342 - 344 Hai Bà Trưng, P. Tân Định, Quận 1, TP. HCM",,,,no,no,yes,60.000 -300.000,7.6,7.3,7.5,7.3,189,https://www.foody.vn/ho-chi-minh/marukame-udon-udon-tempura-hai-ba-trung
19,Marukame Udon - Udon & Tempura - AEON Mall Bình Tân,10.7425890000000,106.6114580000000,"Lô T5, Tầng 3, Aeon Mall Bình Tân, 1 Đường Số 17A, P. Bình Trị Đông, Quận Bình Tân, TP. HCM",,,,no,no,yes,80.000 -100.000,8.1,7.6,7.7,7.6,65,https://www.foody.vn/ho-chi-minh/marukame-udon-udon-tempura-aeon-mall-binh-tan
19,Marukame Udon - Thảo Điền,10.8037460000000,106.7374130000000,"27 Thảo Điền, P. Thảo Điền, Tp. Thủ Đức, TP. HCM",,,,no,no,yes,69.000 -100.000,7.7,7.5,7.9,7.6,32,https://www.foody.vn/ho-chi-minh/marukame-udon-tempura
19,Marukame Udon - Udon & Tempura - Vạn Hạnh Mall,10.7706343000000,106.6695005000000,"Tầng 6, 6-08&7A Vạn Hạnh Mall, 11 Sư Vạn Hạnh, P. 12, Quận 10, TP. HCM",,,,yes,no,yes,39.000 -119.000,7.6,7.4,8.4,7.9,5,https://www.foody.vn/ho-chi-minh/marukame-udon-udon-tempura-van-hanh-mall
19,Marukame Udon & Tempura - Vincom Grand Park,10.8432550000000,106.8431310000000,"Lô L5 - 15, Tầng L5, TTTM Vincom Mega Mall Grand Park, 88 Phước Thiện, KP. Phước Thiện, P. Long Bìnhh, Tp. Thủ Đức, TP. HCM",,,,no,no,no,,0.0,0.0,0.0,_._,0,https://www.foody.vn/ho-chi-minh/marukame-udon-tempura-vincom-grand-park
19,Marukame Udon & Tempura - Gigamall,10.8275364000000,106.7210890000000,"05-06, Tầng 5, TTTM Giga Mall, 240 - 242 Đ. Phạm Văn Đồng, P. Hiệp Bình Chánh, Tp. Thủ Đức, TP. HCM",,,,no,no,no,,0.0,0.0,0.0,_._,0,https://www.foody.vn/ho-chi-minh/marukame-udon-tempura-gigamall
19,Marukame Udon & Tempura - CMT8,10.7785497000000,106.6798659000000,"281A - 281B - 281C - 281D Cách Mạng Tháng 8, P. 12, Quận 10, TP. HCM",,,,no,no,no,,0.0,0.0,0.0,_._,0,https://www.foody.vn/ho-chi-minh/marukame-udon-tempura-cmt8
19,,null,null,,,,,yes,yes,yes,,0.0,0.0,0.0,,,https://www.foody.vn/thuong-hieu/%7B%7BModel.Url%7D%7D
20,Jumbo Seafood - Nguyễn Đình Chiểu,10.7811098816105,106.6920676122863,"172 Nguyễn Đình Chiểu, P. 6, Quận 3, TP. HCM",,,,no,no,no,100.000 -1.500.000,9.6,9.6,9.6,9.6,940,https://www.foody.vn/ho-chi-minh/jumbo-seafood-nguyen-dinh-chieu
21,Au Lac Do Brazil - Phùng Khắc Khoan,10.7875789985904,106.6951056987928,"40 Phùng Khắc Khoan, P. Đa Kao, Quận 1, TP. HCM",,,,no,no,no,50.000 -500.000,9.9,9.9,9.9,9.9,951,https://www.foody.vn/ho-chi-minh/au-lac-do-brazil-phung-khac-khoan
22,Hanuri - Quán Ăn Hàn Quốc - Sư Vạn Hạnh,10.7720880000000,106.6696668000000,"736 Sư Vạn Hạnh, P. 12, Quận 10, TP. HCM",,,,no,no,yes,50.000 -110.000,7.5,6.8,6.4,7.0,"1,460",https://www.foody.vn/ho-chi-minh/hanuri-quan-an-han-quoc
22,Hanuri - Quán Ăn Hàn Quốc - Nguyễn Đình Chiểu,10.7758510000000,106.6874086000000,"284A Nguyễn Đình Chiểu, P. 6, Quận 3, TP. HCM",,,,no,yes,yes,50.000 -110.000,7.6,7.2,7.0,7.3,"1,002",https://www.foody.vn/ho-chi-minh/hanuri-korean-fast-food-nguyen-dinh-chieu
22,Hanuri - Quán Ăn Hàn Quốc - Xô Viết Nghệ Tĩnh,10.7939338000000,106.7089096000000,"121 Xô Viết Nghệ Tĩnh, P. 17, Quận Bình Thạnh, TP. HCM",,,,no,no,no,50.000 -150.000,7.6,7.2,6.7,7.3,673,https://www.foody.vn/ho-chi-minh/hanuri-quan-an-han-quoc-xo-viet-nghe-tinh
22,Hanuri - Quán Ăn Hàn Quốc - Điện Biên Phủ,10.7709430000000,106.6771260000000,"531 Điện Biên Phủ, P. 3, Quận 3, TP. HCM",,,,no,no,yes,25.000 -100.000,7.8,7.5,7.4,7.6,287,https://www.foody.vn/ho-chi-minh/hanuri-quan-an-han-quoc-dien-bien-phu
22,Hanuri - Quán Ăn Hàn Quốc - Cộng Hòa,10.8010640000000,106.6562020000000,"51 Cộng Hòa, P. 4, Quận Tân Bình, TP. HCM",,,,no,no,yes,50.000 -110.000,7.1,6.8,6.8,6.9,102,https://www.foody.vn/ho-chi-minh/hanuri-quan-an-han-quoc-cong-hoa
22,Hanuri - Quán Ăn Hàn Quốc - Phan Văn Trị,10.8297720000000,106.6811750000000,"530 - 532 Phan Văn Trị, P. 7, Quận Gò Vấp, TP. HCM",,,,no,no,no,50.000 -110.000,7.8,7.3,7.2,7.7,26,https://www.foody.vn/ho-chi-minh/hanuri-quan-an-han-quoc-phan-van-tri
23,Lotte Hotel Saigon - Buffet Atrium Café,10.7782310000000,106.7069970000000,"2A - 4A Tôn Đức Thắng, P. Bến Nghé, Quận 1, Quận 1, TP. HCM",,,,no,yes,yes,550.000 -990.000,6.9,6.9,6.9,6.9,806,https://www.foody.vn/ho-chi-minh/lotte-hotel-saigon-buffet-atrium-cafe
24,Ocean Palace - Ẩm Thực Trung Hoa,10.7872950000000,106.7046480000000,"2 Lê Duẩn, Quận 1, TP. HCM",,,,no,yes,yes,150.000 -550.000,7.5,7.0,7.3,7.2,227,https://www.foody.vn/ho-chi-minh/ocean-palace-am-thuc-trung-hoa
25,Gà Rán & Burger McDonald's Đa Kao,10.7922090000000,106.6990100000000,"2 - 6 Bis Điện Biên Phủ, Quận 1, TP. HCM",,,,no,no,yes,50.000 -200.000,7.1,7.3,7.6,7.2,627,https://www.foody.vn/ho-chi-minh/ga-ran-burger-mcdonald-s-da-kao
25,Gà rán & Burger McDonald's Vivo,10.7298060000000,106.7034290000000,"Tầng 1 - SC VivoCity, 1058 Nguyễn Văn Linh, KP. 1, P. Tân Phong, Quận 7, TP. HCM",,,,no,no,yes,30.000 -300.000,7.2,7.0,7.1,7.1,70,https://www.foody.vn/ho-chi-minh/ga-ran-burger-mcdonald-s-vivo
25,Gà Rán & Burger McDonald's Nguyen Hue,10.7742000000000,106.7031060000000,"123 - 125 Nguyễn Huệ, P. Bến Nghé, Quận 1, TP. HCM",,,,yes,no,yes,25.000 -80.000,7.4,7.1,7.6,7.4,115,https://www.foody.vn/ho-chi-minh/ga-ran-burger-mcdonald-s-nguyen-hue
25,Gà Rán & Burger McDonald’s Vincom Masteri,10.8021270000000,106.7406980000000,"L1-11,12,13, TTTM Vincom Masteri, 159 Xa Lộ Hà Nội, P.  Thảo Điền, Tp. Thủ Đức, TP. HCM",,,,no,no,yes,20.000 -250.000,7.5,7.8,7.8,7.6,36,https://www.foody.vn/ho-chi-minh/ga-ran-burger-mcdonald-s-vincom-masteri
25,Gà Rán & Burger McDonald’s Saigon Supermarket,10.7681131000000,106.6674131000000,"Siêu Thị Sài Gòn, 460 Đường 3 Tháng 2, P. 12, Quận 10, TP. HCM",,,,no,no,yes,30.000 -100.000,7.0,6.3,6.7,6.7,87,https://www.foody.vn/ho-chi-minh/ga-ran-burger-mcdonald-s-saigon-supermarket
25,McDonald's - Saigon Centre,10.7735990000000,106.7009370000000,"Saigon Centre, 65 Lê Lợi, P. Bến Nghé, Quận 1, TP. HCM",,,,no,no,yes,50.000 -200.000,7.3,6.9,7.0,7.2,47,https://www.foody.vn/ho-chi-minh/mcdonald-s-saigon-centre
25,Gà Rán & Burger McDonald's Tân Sơn Nhất,10.8135330000000,106.6630500000000,"Ga Quốc Nội Sân Bay Tân Sơn Nhất, Trường Sơn, P. 2, Quận Tân Bình, TP. HCM",,,,yes,no,yes,30.000 -80.000,7.3,6.8,7.3,7.2,45,https://www.foody.vn/ho-chi-minh/ga-ran-burger-mcdonald-s-tan-son-nhat
25,Gà Rán & Burger McDonald’s Hoang Dieu,10.7602340000000,106.6989880000000,"Chung Cư H3, 384 Hoàng Diệu, P. 6, Quận 4, TP. HCM",,,,no,no,yes,30.000 -100.000,7.1,6.7,6.8,6.8,40,https://www.foody.vn/ho-chi-minh/ga-ran-burger-mcdonald-s-hoang-dieu
25,Gà Rán & Burger McDonald’s Satra Pham Hung,10.7337389000000,106.6746551000000,"Tầng Trệt, TTTM Satra Phạm Hùng, C6/27 Phạm Hùng, Xã Bình Hưng, Huyện Bình Chánh, TP. HCM",,,,no,no,yes,50.000 -200.000,7.1,6.9,7.2,7.0,13,https://www.foody.vn/ho-chi-minh/ga-ran-burger-mcdonald-s-satra-pham-hung
25,Gà Rán & Burger McDonald’s Au Co,10.7886490000000,106.6405721000000,"683 Âu Cơ, P. Tân Thành, Quận Tân Phú, TP. HCM",,,,no,no,yes,50.000 -120.000,7.0,6.8,7.2,6.9,26,https://www.foody.vn/ho-chi-minh/ga-ran-burger-mcdonald-s-au-co
25,McDonald’s Hong Bang,10.7543848000000,106.6562814000000,"Tầng Trệt, The Garden Mall, 190 Hồng Bàng, P. 12, Quận 5, TP. HCM",,,,no,no,yes,25.000 -100.000,6.9,7.3,7.5,7.2,26,https://www.foody.vn/ho-chi-minh/mcdonald-s-hong-bang
25,Gà Rán & Burger McDonald’s Celadon AEON Tan Phu,10.8018920000000,106.6180290000000,"G28, Tầng Trệt AEON Mall Tân Phú, 30 Bờ Bao Tân Thắng, P. Sơn Kỳ, Quận Tân Phú, TP. HCM",,,,no,no,yes,30.000 -300.000,6.8,6.0,6.3,6.4,11,https://www.foody.vn/ho-chi-minh/ga-ran-burger-mcdonald-s-celadon-aeon-tan-phu
26,Sorrento Cafe - Cafe Lãng Mạn,10.7787924000000,106.6745695000000,"91/6 Hòa Hưng, P.12, Quận 10, TP. HCM",,,,no,no,yes,25.000 -55.000,7.1,6.9,8.2,7.2,120,https://www.foody.vn/ho-chi-minh/sorrento-cafe
26,Miền Đồng Thảo Cafe,10.7974030000000,106.6751650000000,"221A Nguyễn Trọng Tuyển, P. 8, Quận Phú Nhuận, TP. HCM",,,,no,no,yes,20.000 -55.000,6.6,6.4,8.0,6.8,227,https://www.foody.vn/ho-chi-minh/mien-dong-thao-cafe
26,Thềm Xưa Cafe - Nguyễn Cảnh Chân,10.7602660000000,106.6857110000000,"371D1 Nguyễn Cảnh Chân, P. Nguyễn Cư Trinh, Quận 1, TP. HCM",,,,no,no,yes,22.000 -47.000,6.6,6.9,7.6,7.0,46,https://www.foody.vn/ho-chi-minh/them-xua-ca-phe-san-vuon
26,Du Miên Garden Cafe - Phan Văn Trị,10.8320309278837,106.6739872097969,"7 Phan Văn Trị, P. 10, Quận Gò Vấp, TP. HCM",,,,no,no,yes,40.000 -88.000,6.5,6.4,8.4,6.9,523,https://www.foody.vn/ho-chi-minh/du-mien-garden-cafe
27,"Al Fresco's - Pizza, Mỳ Ý, Sườn, Steak Bò Bít Tết - Nguyễn Thị Nghĩa",10.7703790000000,106.6938970000000,"16 Nguyễn Thị Nghĩa, P. Bến Thành, Quận 1, TP. HCM",,,,yes,yes,yes,80.000 -695.000,8.0,7.9,7.7,7.7,135,https://www.foody.vn/ho-chi-minh/al-frescos-nguyen-thi-nghia
27,"Al Fresco's - Pizza, Mỳ Ý, Sườn, Steak Bò Bít Tết - Mạc Đĩnh Chi",10.7848050000000,106.6991840000000,"31 Bis Mạc Đĩnh Chi, Quận 1, TP. HCM",,,,yes,yes,yes,80.000 -695.000,7.8,7.5,7.4,7.4,247,https://www.foody.vn/ho-chi-minh/al-fresco-s-mac-dinh-chi
27,"Al Fresco's - Pizza, Mỳ Ý, Sườn, Steak Bò Bít Tết - Xuân Thủy",10.8036140000000,106.7347630000000,"92 Xuân Thủy, P. Thảo Điền, Tp. Thủ Đức, TP. HCM",,,,yes,yes,yes,80.000 -695.000,7.6,7.1,7.7,7.3,66,https://www.foody.vn/ho-chi-minh/al-fresco-s-xuan-thuy
27,"Al Fresco's - Pizza, Mỳ Ý, Sườn, Steak Bò Bít Tết - Nguyễn Đức Cảnh",10.7258850000000,106.7088280000000,"105 Nguyễn Đức Cảnh, Khu Phố Parkview III9-2, P. Tân Phong, Quận 7, TP. HCM",,,,yes,yes,yes,80.000 -695.000,7.6,7.2,7.4,7.1,48,https://www.foody.vn/ho-chi-minh/al-fresco-s-pizza-my-y-suon-steak-bo-bit-tet-nguyen-duc-canh
27,"Al Fresco's - Pizza, Mỳ Ý, Sườn, Steak Bò Bít Tết - Cộng Hòa",10.8014120000000,106.6522370000000,"111 Cộng Hòa, Quận Tân Bình, TP. HCM",,,,yes,yes,yes,80.000 -695.000,7.9,7.4,7.6,7.5,121,https://www.foody.vn/ho-chi-minh/al-fresco-s-cong-hoa
27,"Al Fresco's - Pizza, Mỳ Ý, Sườn, Steak Bò Bít Tết - Phan Xích Long",10.7991003000000,106.6863011000000,"199 Phan Xích Long, P. 2, Quận Phú Nhuận, TP. HCM",,,,yes,no,yes,80.000 -695.000,7.6,7.3,7.4,7.2,64,https://www.foody.vn/ho-chi-minh/al-fresco-s-phan-xich-long
27,"Al Fresco's - Pizza, Mỳ Ý, Sườn, Steak Bò Bít Tết - Vạn Hạnh Mall",10.7707150000000,106.6696620000000,"10 Vạn Hạnh Mall, 11 Sư Vạn Hạnh, P. 12, Quận 10, TP. HCM",,,,no,yes,yes,80.000 -695.000,7.3,7.5,7.5,7.2,13,https://www.foody.vn/ho-chi-minh/al-fresco-s-van-hanh-mall
27,"Al Fresco's - Pizza, Mỳ Ý, Sườn, Steak Bò Bít Tết - Aeon Mall Tân Phú",10.8009520000000,106.6172570000000,"T27 Tầng 3, Aeon Mall Tân Phú, 30 Bờ Bao Tân Thắng, P. Sơn Kỳ, Quận Tân Phú, TP. HCM",,,,yes,yes,yes,80.000 -695.000,8.0,9.0,7.0,8.0,1,https://www.foody.vn/ho-chi-minh/al-fresco-s-aeon-mall-tan-phu
27,"Al Fresco's - Pizza, Mỳ Ý, Sườn, Steak Bò Bít Tết - Aeon Mall Bình Tân",10.7429289000000,106.6119202000000,"T1 Tầng 3, Aeon Mall Bình Tân, 1 Đường Số 17A, P. Bình Trị Đông B, Quận Bình Tân, TP. HCM",,,,yes,no,yes,80.000 -695.000,0.0,0.0,0.0,_._,0,https://www.foody.vn/ho-chi-minh/al-fresco-s-pizza-my-y-suon-steak-bo-bit-tet-aeon-mall-binh-tan
28,Papas' Chicken - Phú Mỹ Hưng,10.7307219000000,106.7086755000000,"S37-1 Hưng Vượng 2, Bùi Bằng Đoàn, P. Tân Phong, Quận 7, TP. HCM",,,,no,yes,yes,100.000 -165.000,7.7,6.5,6.9,7.0,536,https://www.foody.vn/ho-chi-minh/papa-s-chicken
29,Chài Village - Sushi & Hải Sản Tươi Sống - Saigon House,10.7732130000000,106.7041830000000,"Tầng 3 Saigon House, 77 Nguyễn Huệ, P. Bến Nghé, Quận 1, TP. HCM",,,,no,yes,yes,50.000 -500.000,9.7,9.7,9.7,9.7,"1,083",https://www.foody.vn/ho-chi-minh/chai-village-sushi-hai-san-tuoi-song-saigon-house
30,Pizza Hut - Trương Định,10.7768400000000,106.6905500000000,"61 Trương Định, Quận 3, TP. HCM",,,,yes,yes,yes,150.000 -330.000,7.1,7.0,7.3,7.1,214,https://www.foody.vn/ho-chi-minh/pizza-hut-truong-dinh
30,Pizza Hut - Phan Xích Long,10.7972120000000,106.6907190000000,"93 Phan Xich Long, P. 2, Quận Phú Nhuận, TP. HCM",,,,yes,yes,yes,150.000 -330.000,7.3,6.9,6.9,7.0,198,https://www.foody.vn/ho-chi-minh/pizza-hut-phan-xich-long
30,Pizza Hut - Crescent Mall,10.7286720119973,106.7181351958007,"Tầng 5 Crescent Mall, 101 Tôn Dật Tiên, P. Tân Phú, Quận 7, TP. HCM",,,,yes,yes,yes,200.000 -330.000,7.2,7.1,7.3,7.1,105,https://www.foody.vn/ho-chi-minh/pizza-hut-crescent-mall-ton-dat-tien
30,Pizza Hut - Vincom Maximark Cộng Hoà,10.8000790000000,106.6584010000000,"Vincom Maximark Cộng Hoà, 15 – 17 Cộng Hòa, Quận Tân Bình, TP. HCM",,,,yes,yes,yes,200.000 -330.000,7.2,7.4,7.6,7.3,107,https://www.foody.vn/ho-chi-minh/pizza-hut-maximark-cong-hoa
30,Pizza Hut - Nguyễn Trãi,10.7563290000000,106.6761300000000,"264-266 Nguyễn Trãi, Quận 5, TP. HCM",,,,yes,yes,yes,150.000 -330.000,7.5,7.1,7.3,7.3,290,https://www.foody.vn/ho-chi-minh/pizza-hut-nguyen-trai
30,Pizza Hut - Parkson CT Plaza,10.8129150000000,106.6652300000000,"Tầng Hầm B1 Parkson CT Plaza, 60A Trường Sơn, p. 2, Quận Tân Bình, TP. HCM",,,,yes,yes,yes,200.000 -330.000,7.6,7.6,7.3,7.3,30,https://www.foody.vn/ho-chi-minh/pizza-hut-food-court-parkson-ct-plaza
30,Pizza Hut - Vincom Maximark 3 Tháng 2,10.7766290000000,106.6805990000000,"Tầng 3, Vincom Maximark, 3 Đường 3 Tháng 2, Quận 10, TP. HCM",,,,yes,yes,yes,150.000 -330.000,7.2,7.4,7.6,7.3,50,https://www.foody.vn/ho-chi-minh/pizza-hut-maximark-3-thang-2
30,Pizza Hut - Etown Cộng Hoà,10.8018940000000,106.6457380000000,"364 Cộng Hòa, Quận Tân Bình, TP. HCM",,,,yes,yes,yes,200.000 -330.000,6.1,0.0,6.1,6.0,9,https://www.foody.vn/ho-chi-minh/pizza-hut-etown-cong-hoa
30,Pizza Hut - Lotte Mart Nam Sài Gòn,10.7411300000000,106.7013750000000,"Tầng Trệt Lotte Mart Nguyễn Hữu Thọ, 469 Nguyễn Hữu Thọ, P. Tân Hưng, Quận 7, TP. HCM",,,,yes,yes,yes,10.000 -330.000,7.4,7.4,7.6,7.3,146,https://www.foody.vn/ho-chi-minh/pizza-hut-lotte-mart-nam-sai-gon
30,Pizza Hut - Trần Hưng Đạo,10.7667010000000,106.6941550000000,"38A Trần Hưng Đạo, P. Phạm Ngũ Lão, Quận 1, TP. HCM",,,,yes,no,no,59.000 -164.000,6.4,6.4,6.4,6.6,70,https://www.foody.vn/ho-chi-minh/pizza-hut-tran-hung-dao
30,Pizza Hut - Pandora City,10.8064000000000,106.6348330000000,"Tầng 4 Pandora City, 1/1 Trường Chinh, P. Tây Thạnh, Quận Tân Phú, TP. HCM",,,,yes,yes,yes,120.000 -330.000,7.5,7.2,7.6,7.3,102,https://www.foody.vn/ho-chi-minh/pizza-hut-pandora-city
30,Pizza Hut - Nguyễn Tri Phương,10.7634750000000,106.6679440000000,"397 Nguyễn Tri Phương, Quận 10, TP. HCM",,,,yes,no,yes,100.000 -220.000,6.9,6.4,6.4,6.6,56,https://www.foody.vn/ho-chi-minh/pizza-hut-nguyen-tri-phuong
30,,null,null,,,,,yes,yes,yes,,0.0,0.0,0.0,,,https://www.foody.vn/thuong-hieu/%7B%7BModel.Url%7D%7D
31,The Pizza Company - Nguyễn Thị Minh Khai,10.7659442000000,106.6821734000000,"506 - 508 Nguyễn Thị Minh Khai, P. 2, Quận 3, TP. HCM",,,,yes,no,yes,100.000 -250.000,7.6,7.1,7.6,7.4,577,https://www.foody.vn/ho-chi-minh/the-pizza-company-nguyen-thi-minh-khai
31,The Pizza Company - Lê Đại Hành,10.7688870000000,106.6525640000000,"Lô 4, Khu B, Căn số 7, Chung cư Phú Thọ, Lê Đại Hành, P. 15, Quận 11, TP. HCM",,,,no,yes,yes,100.000 -250.000,7.7,7.0,7.5,7.3,127,https://www.foody.vn/ho-chi-minh/the-pizza-company-le-dai-hanh
31,The Pizza Company - Lê Văn Sỹ,10.7879340000000,106.6774340000000,"333 Lê Văn Sỹ, P. 13, Quận 3, TP. HCM",,,,yes,no,yes,100.000 -250.000,7.2,6.9,7.3,7.1,144,https://www.foody.vn/ho-chi-minh/the-pizza-company-le-van-sy
31,The Pizza Company - Nguyễn Thái Học,10.7665700000000,106.6959560000000,"105 - 107 Nguyễn Thái Học, P. Cầu Ông Lãnh, Quận 1, TP. HCM",,,,yes,no,yes,100.000 -250.000,7.6,7.2,7.3,7.3,184,https://www.foody.vn/ho-chi-minh/the-pizza-company-nguyen-thai-hoc
31,The Pizza Company - Phan Xích Long,10.8011938000000,106.6831597000000,"355 Phan xích Long, P. 1, Quận Phú Nhuận, TP. HCM",,,,yes,no,yes,100.000 -250.000,7.5,6.9,7.4,7.3,192,https://www.foody.vn/ho-chi-minh/the-pizza-company-phan-xich-long
31,The Pizza Company - Vincom Mega Mall Thảo Điền,10.8021232000000,106.7407316000000,"Tầng 5, Vincom Mega Mall Thảo Điền, 159 Xa Lộ Hà Nội, P. Thảo Điền, Tp. Thủ Đức, TP. HCM",,,,no,yes,yes,50.000 -200.000,7.7,7.2,7.6,7.4,63,https://www.foody.vn/ho-chi-minh/the-pizza-company-vincom-thao-dien
31,The Pizza Company - Bàu Cát,10.7919324000000,106.6439062000000,"207-209 Bàu Cát, P. 13, Quận Tân Bình, TP. HCM",,,,no,no,yes,100.000 -300.000,7.6,7.6,7.8,7.6,55,https://www.foody.vn/ho-chi-minh/the-pizza-company-bau-cat
31,The Pizza Company - Võ Văn Ngân,10.8512140000000,106.7559430000000,"26 - 28 - 30 Võ Văn Ngân, P. Trường Thọ, Tp. Thủ Đức, TP. HCM",,,,no,no,yes,90.000 -150.000,7.2,6.8,7.2,7.0,64,https://www.foody.vn/ho-chi-minh/the-pizza-company-vo-van-ngan
31,The Pizza Company - Nguyễn Ảnh Thủ,10.8641579000000,106.6129948000000,"75/3 - 75/4 Nguyễn Ảnh Thủ, Ấp Vạn Thạnh, Xã Trung Chánh, Huyện Hóc Môn, TP. HCM",,,,yes,yes,yes,50.000 -200.000,7.3,7.4,7.2,7.2,22,https://www.foody.vn/ho-chi-minh/the-pizza-company-nguyen-anh-thu
31,The Pizza Company - Nguyễn Sơn,10.7839037000000,106.6228618000000,"303F Nguyễn Sơn, P. Phú Thạnh, Quận Tân Phú, TP. HCM",,,,yes,no,yes,100.000 -250.000,6.9,7.9,7.5,7.3,13,https://www.foody.vn/ho-chi-minh/the-pizza-company-nguyen-son
31,The Pizza Company - Hậu Giang,10.7495140000000,106.6454020000000,"167 Hậu Giang, P. 5, Quận 6, TP. HCM",,,,yes,no,yes,100.000 -250.000,6.8,7.0,7.0,7.0,41,https://www.foody.vn/ho-chi-minh/the-pizza-company-hau-giang
31,The Pizza Company - Tân Sơn Nhì,10.7935139000000,106.6285298000000,"456A Tân Sơn Nhì, P. Tân Quý, Quận Tân Phú, TP. HCM",,,,no,no,yes,100.000 -300.000,7.5,7.0,7.9,7.5,16,https://www.foody.vn/ho-chi-minh/the-pizza-company-tan-son-nhi
32,Sushi Tei - Cao Thắng,10.7692610000000,106.6833160000000,"26 Cao Thắng, P. 5, Quận 3, TP. HCM",,,,no,yes,yes,40.000 -500.000,9.7,9.7,9.7,9.7,585,https://www.foody.vn/ho-chi-minh/sushi-tei-cao-thang
32,Sushi Tei - Nguyễn Thị Minh Khai,10.7892281000000,106.7040910000000,"5A Nguyễn Thị Minh Khai, P. Bến Nghé, Quận 1, TP. HCM",,,,no,no,no,250.000 -500.000,10.0,9.9,9.9,9.9,540,https://www.foody.vn/ho-chi-minh/sushi-tei-nguyen-thi-minh-khai
33,Jumbo Seafood - Trần Hưng Đạo,10.7693680499605,106.6960531969443,"6 Trần Hưng Đạo, P. Phạm Ngũ Lão, Quận 1, TP. HCM",,,,no,no,no,0.100 -1.500.000,9.7,9.7,9.7,9.7,835,https://www.foody.vn/ho-chi-minh/jumbo-seafood-tran-hung-dao
34,Fly Cupcake Tú Xương,10.7822570000000,106.6881680000000,"25B Tú Xương, P. 7, Quận 3, TP. HCM",,,,yes,yes,yes,40.000 -115.000,6.9,6.6,8.1,7.0,471,https://www.foody.vn/ho-chi-minh/fly-cupcake-tu-xuong
34,Fly Cupcake - Phạm Ngọc Thạch,10.7816040000000,106.6970090000000,"6 Phạm Ngọc Thạch, P. 6, Quận 1, TP. HCM",,,,no,no,no,35.000 -65.000,6.9,6.9,7.6,7.1,97,https://www.foody.vn/ho-chi-minh/fly-cupcake-pham-ngoc-thach
34,Fly Cupcake Phạm Văn Đồng,10.8277190000000,106.7215390000000,"L5-21-24 TTTM Gigamall, 240-242 Phạm Văn Đồng, P. Hiệp Bình Chánh, Tp. Thủ Đức, TP. HCM",,,,no,no,yes,40.000 -115.000,0.0,0.0,0.0,_._,0,https://www.foody.vn/ho-chi-minh/fly-cupcake-pham-van-dong
35,Cơm Tấm Ba Ghiền Không Chi Nhánh - 84 Đặng Văn Ngữ,10.7944100000000,106.6694100000000,"84 Đặng Văn Ngữ, P. 10, Quận Phú Nhuận, TP. HCM",,,,no,no,no,40.000 -66.000,6.9,6.5,6.4,6.6,"1,567",https://www.foody.vn/ho-chi-minh/com-tam-ba-ghien-khong-chi-nhanh-84-dang-van-ngu
36,Chill Sky Bar - Rooftop AB Tower,10.7705370000000,106.6943050000000,"26 & 27th Floor Rooftop, AB Tower, 76A Lê Lai, Quận 1, TP. HCM",,,,no,yes,yes,200.000 -550.000,7.6,7.6,8.4,7.7,187,https://www.foody.vn/ho-chi-minh/chill-sky-bar
36,Sorae Restaurant - Lounge,10.7705370000000,106.6943050000000,"Tầng 24 - 25, AB Tower, 76A Lê Lai, Quận 1, TP. HCM",,,,no,yes,yes,300.000 -1.000.000,8.0,7.9,8.4,7.9,308,https://www.foody.vn/ho-chi-minh/nha-hang-sorae-sushi-sake-lounge
36,The Saigon Cigar Club,10.7705450000000,106.6942820000000,"Tầng 25, AB Tower, 76A Lê Lai, P. Bến Nghé, Quận 1, TP. HCM",,,,yes,yes,no,30.000 -1.000.000,8.2,8.7,9.1,8.3,9,https://www.foody.vn/ho-chi-minh/the-saigon-cigar-club
36,Vigor Dining,10.7705210000000,106.6943290000000,"Tầng 27 AB Tower (Bên Trong Chill Sky Bar), 76A Lê Lai, Quận 1, TP. HCM",,,,no,yes,yes,500.000 -1.500.000,8.0,7.7,8.2,7.8,63,https://www.foody.vn/ho-chi-minh/vigor-dining
37,,null,null,,,,,yes,yes,yes,,0.0,0.0,0.0,,,https://www.foody.vn/ho-chi-minh/the-deck-saigon
38,Dynasty House - HongKong Dimsum & Hotpot,10.7737228000000,106.7057982000000,"Tầng Trệt, 2-4-6 Đồng Khởi, P. Bến Nghé, Quận 1, TP. HCM",,,,yes,no,no,39.000 -2.990.000,9.8,9.7,9.8,9.8,"1,283",https://www.foody.vn/ho-chi-minh/dynasty-house-hongkong-dimsum-hotpot
39,Baoz Dimsum Restaurant - Nguyễn Tri Phương,10.7531391000000,106.6696119000000,"88 Nguyễn Tri Phương, P. 7, Quận 5, TP. HCM",,,,no,no,yes,50.000 -200.000,7.2,6.5,7.3,7.0,902,https://www.foody.vn/ho-chi-minh/baoz-dimsum-resraurant
39,Baoz Dimsum Restaurant - Lê Đại Hành,10.7651509000000,106.6548705000000,"299 Lê Đại Hành, P. 13, Quận 11, TP. HCM",,,,no,no,no,50.000 -200.000,0.0,0.0,0.0,1.8,2,https://www.foody.vn/ho-chi-minh/baoz-dimsum-restaurant-le-dai-hanh
39,Baoz Dimsum Restaurant  - The Garden Mall,10.7548057000000,106.6570051000000,"Tòa nhà The Garden Mall, 190 Hồng Bàng, P. 12, Quận 5, TP. HCM",,,,no,no,no,,0.0,0.0,0.0,_._,0,https://www.foody.vn/ho-chi-minh/baoz-dimsum-restaurant-the-garden-mall
40,Country House Cafe,10.8342770000000,106.6682350000000,"18C Phan Văn Trị, P. 10, Quận Gò Vấp, TP. HCM",,,,no,no,yes,25.000 -66.000,6.8,6.9,8.4,7.2,383,https://www.foody.vn/ho-chi-minh/country-house-cafe
41,Sushi Hokkaido Sachi 北海道サチ - Đông Du,10.7763400000000,106.7050760000000,"40 - 42 Đông Du, Quận 1, TP. HCM",,,,no,no,yes,150.000 -500.000,8.5,8.1,8.0,8.0,423,https://www.foody.vn/ho-chi-minh/sushi-hokkaido-sachi-dong-du
41,Sushi Hokkaido Sachi 北海道サチ - Nguyễn Trãi,10.7691630000000,106.6904850999999,"139A - B Nguyễn Trãi, P. Bến Thành, Quận 1, TP. HCM",,,,no,yes,yes,150.000 -500.000,8.4,7.9,7.9,7.9,344,https://www.foody.vn/ho-chi-minh/sushi-hokkaido-sachi-nguyen-trai
41,Sushi Hokkaido Sachi 北海道サチ - Saigon Centre,10.7731890000000,106.7011240000000,"L5 - 17, Saigon Centre, 65 Lê Lợi, P. Bến Nghé, Quận 1, TP. HCM",,,,no,yes,yes,150.000 -500.000,8.7,8.2,8.1,8.2,134,https://www.foody.vn/ho-chi-minh/sushi-hokkaido-sachi-saigon-centre
41,Sushi Hokkaido Sachi 北海道サチ - Nguyễn Đình Chiểu,10.7804880562930,106.6917223110795,"172H - 172Q Nguyễn Đình Chiểu, P. 6, Quận 3, TP. HCM",,,,no,yes,yes,150.000 -500.000,8.1,7.6,8.1,7.8,146,https://www.foody.vn/ho-chi-minh/sushi-hokkaido-sachi-nguyen-dinh-chieu
41,Sushi Hokkaido Sachi 北海道サチ - Pasteur,10.7782390000000,106.6983380000000,"180 - 180A Pasteur, P. Bến Nghé, Quận 1, TP. HCM",,,,no,yes,yes,150.000 -500.000,8.7,8.1,8.6,8.3,69,https://www.foody.vn/ho-chi-minh/sushi-hokkaido-sachi-pasteur
41,Sushi Hokkaido Sachi 北海道サチ - Phan Xích Long,10.7980560000000,106.6886680000000,"163 Phan Xích Long, P. 2, Quận Phú Nhuận, TP. HCM",,,,no,no,yes,150.000 -500.000,8.5,7.6,8.2,8.0,63,https://www.foody.vn/ho-chi-minh/sushi-hokkaido-sachi-%E5%8C%97%E6%B5%B7%E9%81%93%E3%82%B5%E3%83%81-phan-xich-long
41,Sushi Hokkaido Sachi 北海道サチ - Vincom Center,10.7780190000000,106.7014960000000,"Tầng B3-07, Vincom Center, 72 Lê Thánh Tôn, P. Bến Nghé, Quận 1, TP. HCM",,,,no,yes,yes,150.000 -500.000,8.6,7.8,7.7,8.0,21,https://www.foody.vn/ho-chi-minh/sushi-hokkaido-vincom-center
41,Sushi Hokkaido Sachi 北海道サチ - Crescent Mall,10.7287420000000,106.7186850000000,"GF - 29B Crescent Mall, 101 Tôn Dật tiên, Quận 7, TP. HCM",,,,no,no,yes,150.000 -500.000,7.8,7.2,8.1,7.7,51,https://www.foody.vn/ho-chi-minh/sushi-hokkaido-sachi-%E5%8C%97%E6%B5%B7%E9%81%93%E3%82%B5%E3%83%81-crescent-mall
41,Sushi Hokkaido Sachi 北海道サチ - Estella Place,10.8019750000000,106.7484740000000,"Estella Place, 88 Song Hành, P. An Phú, Quận 2, TP. HCM",,,,no,yes,yes,150.000 -500.000,9.1,8.7,8.2,8.4,27,https://www.foody.vn/ho-chi-minh/sushi-hokkaido-sachi-estella-place
42,Texas Chicken - Phạm Thái Bường,10.7277566000000,106.7090473000000,"228 Phạm Thái Bường, Phú Mỹ Hưng, Quận 7, TP. HCM",,,,no,no,no,50.000 -220.000,7.8,7.0,7.3,7.3,139,https://www.foody.vn/ho-chi-minh/texas-chicken-pham-thai-buong
42,Texas Chicken - Phan Xích Long,10.7980360000000,106.6889070000000,"274 - 276 Phan Xích Long, P. 7, Quận Phú Nhuận, TP. HCM",,,,no,no,yes,50.000 -220.000,7.4,6.7,7.0,7.1,586,https://www.foody.vn/ho-chi-minh/texas-chicken-phan-xich-long
42,Texas Chicken - Nguyễn Văn Cừ,10.7618470000000,106.6829480000000,"217B Nguyễn Văn Cừ, Quận 5, TP. HCM",,,,no,no,yes,20.000 -275.000,7.3,6.6,7.2,7.0,389,https://www.foody.vn/ho-chi-minh/texas-chicken-nguyen-van-cu
42,Texas Chicken - Nguyễn Thái Học,10.7675525000000,106.6955649000000,"115 Nguyễn Thái Học, Quận 1, TP. HCM",,,,no,no,yes,30.000 -300.000,7.2,6.5,7.0,7.0,269,https://www.foody.vn/ho-chi-minh/texas-chicken-nguyen-thai-hoc
42,Texas Chicken - Hậu Giang,10.7498770000000,106.6435090000000,"176C-176D Hậu Giang, P. 6, Quận 6, TP. HCM",,,,no,no,no,50.000 -220.000,6.5,6.2,6.6,6.5,122,https://www.foody.vn/ho-chi-minh/texas-chicken-hau-giang
42,Texas Chicken - Quang Trung,10.8348719000000,106.6636871000000,"578 Quang Trung, P.11, Quận Gò Vấp, TP. HCM",,,,yes,no,yes,50.000 -220.000,7.1,6.5,7.1,7.0,145,https://www.foody.vn/ho-chi-minh/texas-chicken-quang-trung
42,Texas Chicken - Sư Vạn Hạnh,10.7733956000000,106.6686922000000,"463 Sư Vạn Hạnh, Quận 10, TP. HCM",,,,yes,no,yes,20.000 -295.000,6.7,0.0,6.7,6.6,217,https://www.foody.vn/ho-chi-minh/texas-chicken-su-van-hanh
42,Texas Chicken - Vincom Mega Mall Thảo Điền,10.8021160000000,106.7407070000000,"Tầng 5, Vincom Mega Mall Thảo Điền, 159 Xa Lộ Hà Nội, P. Thảo Điền, Tp. Thủ Đức, TP. HCM",,,,no,no,yes,50.000 -250.000,7.3,6.3,7.2,7.0,57,https://www.foody.vn/ho-chi-minh/texas-chicken-vincom-mega-mall-thao-dien
42,Texas Chicken - Aeon Mall Bình Tân,10.7425600000000,106.6114270000000,"Tầng 3, Aeon Mall Bình Tân, 1 Đường Số 17A, P. Bình Trị Đông B, Quận Bình Tân, TP. HCM",,,,no,no,yes,50.000 -250.000,6.2,6.1,6.4,6.3,39,https://www.foody.vn/ho-chi-minh/texas-chicken-aeon-mall-binh-tan
42,Texas Chicken - Hoàng Văn Thụ,10.7961690000000,106.6562940000000,"392 - 394 Hoàng Văn Thụ, Quận Tân Bình, TP. HCM",,,,yes,no,yes,40.000 -200.000,6.2,0.0,0.0,6.0,71,https://www.foody.vn/ho-chi-minh/texas-chicken-hoang-van-thu
42,Texas Chicken - Nguyễn Gia Trí,10.8073580000000,106.7162670000000,"203 Nguyễn Gia Trí (Đường D2), P. 25, Quận Bình Thạnh, TP. HCM",,,,yes,no,yes,38.000 -275.000,6.3,0.0,6.1,6.0,49,https://www.foody.vn/ho-chi-minh/texas-chicken-duong-d2
42,Texas Chicken - Vạn Hạnh Mall,10.7708230000000,106.6698620000000,"16 Vạn Hạnh Mall, 11 Sư Vạn Hạnh, P. 12, Quận 10, TP. HCM",,,,yes,no,yes,50.000 -250.000,6.2,0.0,6.8,6.4,21,https://www.foody.vn/ho-chi-minh/texas-chicken-van-hanh-mall
43,El Sol - Meat & Wine - Võ Thị Sáu,10.7876920000000,106.6914110000000,"140/2 Võ Thị Sáu, Quận 3, TP. HCM",,,,no,no,yes,35.000 -349.000,8.5,8.5,8.3,8.2,790,https://www.foody.vn/ho-chi-minh/el-sol-meat-wine-vo-thi-sau
43,Elsol - Meat & Wine - Nguyễn Siêu,10.7775298000000,106.7045343000000,"5/9 Nguyễn Siêu, P. Bến Nghé, Quận 1, TP. HCM",,,,no,no,no,39.000 -429.000,0.0,0.0,0.0,_._,0,https://www.foody.vn/ho-chi-minh/elsol-meat-wine-nguyen-sieu
44,Thai Express - Vincom Center,10.7781230000000,106.7018740000000,"Tầng B3 Vincom Center, 72 Lê Thánh Tôn, P. Bến Nghé, Quận 1, TP. HCM",,,,no,yes,yes,55.000 -170.000,7.6,7.2,7.5,7.3,210,https://www.foody.vn/ho-chi-minh/thai-express-vincom-center
44,Thai Express - Món Thái - PARC MALL,10.7404810000000,106.6785565000000,"GH L4-20, Tầng 4, TTTM Parc Mall, 547-549 Đường Tạ Quang Bửu, P. 4, Quận 8, TP. HCM",,,,no,yes,yes,55.000 -170.000,7.3,7.4,7.3,7.2,63,https://www.foody.vn/ho-chi-minh/thai-express-mon-thai-parc-mall
44,Thai Express - Món Thái - Phan Xích Long,10.7982387000000,106.6879113000000,"183 Phan Xích Long, P. 2, Quận Phú Nhuận, TP. HCM",,,,no,yes,yes,55.000 -170.000,6.9,6.8,6.9,6.8,160,https://www.foody.vn/ho-chi-minh/thai-express-mon-thai-phan-xich-long
44,Thai Express - Món Thái - SC VivoCity,10.7299520000000,106.7032370000000,"Tầng 4 - SC VivoCity, 1058 Nguyễn Văn Linh, KP. 1, P. Tân Phong, Quận 7, TP. HCM",,,,no,yes,yes,55.000 -170.000,7.3,6.7,7.1,7.0,93,https://www.foody.vn/ho-chi-minh/thai-express-mon-thai-sc-vivocity
44,Thai Express - Món Thái - AEON Mall Bình Tân,10.7425890000000,106.6114580000000,"T24, Tầng 3, TTMS Aeon Mall Bình Tân - 01 Đướng số 17A, Khu phố 11, P. Bình Trị Đông B, Quận Bình Tân, TP. HCM",,,,no,no,yes,100.000 -200.000,6.9,6.4,6.7,6.6,49,https://www.foody.vn/ho-chi-minh/thai-express-mon-thai-aeon-mall-binh-tan
44,Thai Express - Món Thái - Vạn Hạnh Mall,10.7708270000000,106.6698160000000,"12 Vạn Hạnh Mall, 11 Sư Vạn Hạnh, P. 12, Quận 10, TP. HCM",,,,no,yes,yes,100.000 -200.000,7.3,7.1,7.3,7.2,46,https://www.foody.vn/ho-chi-minh/thai-express-mon-thai-van-hanh-mall
44,Thai Express - Món Thái - AEON Mall Tân Phú,10.8016840000000,106.6179220000000,"Tầng 3 AEON Mall Tân Phú, 30 Bờ Bao Tân Thắng, P. Sơn Kỳ, Quận Tân Phú, TP. HCM",,,,no,yes,yes,55.000 -170.000,6.3,7.7,7.2,6.9,6,https://www.foody.vn/ho-chi-minh/thai-express-mon-thai-aeon-mall-tan-phu
44,Thai Express - Món Thái - Thiso Mall Sala,10.7721926000000,106.7220811000000,"Gian hàng L4-03, Tầng 4, Thiso Mall Sala, số 8 - 10 đường Mai Chí Thọ, P. Thủ Thiêm, Tp. Thủ Đức, TP. HCM",,,,no,no,no,55.000 -170.000,0.0,0.0,0.0,_._,0,https://www.foody.vn/ho-chi-minh/thai-express-mon-thai-thiso-mall-sala
44,Thai Express - Món Thái - Gigamall,10.8279717000000,106.7220354000000,"GH L4-09A, Tầng 4, TTTM Gigamall, Số 240-242 Phạm Văn Đồng, P. Hiệp Bình Chánh, Tp. Thủ Đức, TP. HCM",,,,no,no,no,,0.0,0.0,0.0,_._,0,https://www.foody.vn/ho-chi-minh/thai-express-mon-thai-gigamall
45,Buffet Hải Sản - Café Central An Đông - Khách Sạn Windsor Plaza,10.7574668692664,106.6733869364624,"Windsor Plaza, 18 An Dương Vương, Quận 5, TP. HCM",,,,no,yes,yes,449.000 -853.000,7.2,7.3,7.6,7.2,189,https://www.foody.vn/ho-chi-minh/buffet-windsor-cafe-central-an-dong-windsor-plaza
45,Nhà Hàng Ngân Đình - Windsor Plaza,10.7578630000000,106.6736398000001,"Windsor Plaza, 18 An Dương Vương, Quận 5, TP. HCM",,,,no,yes,yes,38.000 -2.820.000,7.9,7.4,8.0,7.5,163,https://www.foody.vn/ho-chi-minh/nha-hang-ngan-dinh-windsor-plaza
45,Kissho - Nhà Hàng Nhật Bản,10.7729140000000,106.7048620000000,"14 Nguyễn Huệ, P. Bến Nghé, Quận 1, TP. HCM",,,,no,no,yes,300.000 -1.100.000,7.8,8.0,8.1,7.7,68,https://www.foody.vn/ho-chi-minh/kissho
45,Amigo Hữu Nghị Restaurant - Beefsteak & Grill,10.7729690000000,106.7046100000000,"55 - 57 Nguyễn Huệ, P. Bến Nghé, Quận 1, TP. HCM",,,,yes,yes,yes,200.000 -880.000,8.2,8.0,7.8,7.9,62,https://www.foody.vn/ho-chi-minh/amigo-restaurant
45,Cafe Central Nguyễn Huệ,10.7750990000000,106.7030510000000,"74 Nguyễn Huệ, P. Bến Nghé, Quận 1, TP. HCM",,,,no,yes,yes,50.000 -330.000,6.6,6.4,7.5,6.9,68,https://www.foody.vn/ho-chi-minh/cafe-central-nguyen-hue
45,Top Of The Town - Nhà Hàng & Bar - Windsor Plaza,10.7577100000000,106.6732820000000,"Tầng 25 Windsor Plaza, 18 An Dương Vương, Quận 5, TP. HCM",,,,no,no,yes,100.000 -660.000,7.8,8.4,8.7,8.1,17,https://www.foody.vn/ho-chi-minh/top-of-the-town-nha-hang-bar-windsor-plaza
45,The Long @Times Square,10.7738680000000,106.7046650000000,"57 – 69F Đồng Khởi (22 - 36 Nguyễn Huệ ), Quận 1, TP. HCM",,,,no,no,yes,50.000 -200.000,8.2,8.2,8.5,8.2,68,https://www.foody.vn/ho-chi-minh/the-long-times-square
45,R&J - Italian Lounge & Restaurant,10.7737900000000,106.7047760000000,"57-69F Đồng Khởi (22-26 Nguyễn Huệ), Quận 1, TP. HCM",,,,no,yes,yes,300.000 -1.000.000,8.6,9.0,9.3,8.7,41,https://www.foody.vn/ho-chi-minh/romeo-juliet-italian-restaurant-times-square
45,The Royal Pavilion - Long Triều - Nhà Hàng Hoa,10.7738560000000,106.7048090000000,"Tầng 4 Times Square, 57 – 69F Đồng Khởi (22 - 36 Nguyễn Huệ), Quận 1, TP. HCM",,,,no,yes,yes,1.000.000 -5.000.000,7.8,7.0,7.0,7.1,285,https://www.foody.vn/ho-chi-minh/the-royal-pavilion-long-trieu-nha-hang-hoa
45,Windsor Spa & Massage - Windsor Plaza,10.7573253000000,106.6741020000000,"Tầng 3, Windsor Plaza, 18 An Dương Vương, Quận 5, TP. HCM",,,,yes,yes,yes,150.000 -2.000.000,0.0,0.0,0.0,_._,0,https://www.foody.vn/ho-chi-minh/windsor-spa-massage-windsor-plaza
45,Nhà Hàng Ngân Đình Sài Gòn,10.7747879000000,106.7046940000000,"52 - 54 - 56 Đồng Khởi, P. Bến Nghé, Quận 1, TP. HCM",,,,no,no,yes,200.000 -1.000.000,7.4,6.7,7.8,7.3,37,https://www.foody.vn/ho-chi-minh/nha-hang-ngan-dinh-sai-gon
46,Kichi Kichi Lẩu Băng Chuyền - Nguyễn Văn Trỗi,10.7968080000000,106.6732160000000,"197 Nguyễn Văn Trỗi, P. 10, Quận Phú Nhuận, TP. HCM",,,,no,yes,yes,150.000 -308.000,9.0,9.0,9.0,9.0,414,https://www.foody.vn/ho-chi-minh/kichi-kichi-lau-bang-chuyen-nguyen-van-troi
46,Kichi Kichi Lẩu Băng Chuyền - Vincom Center,10.7774200000000,106.7019870000000,"Tầng B3 Vincom Center, 72 Lê Thánh Tôn, P. Bến Nghé, Quận 1, TP. HCM",,,,no,yes,no,149.000 -250.000,8.3,8.3,8.0,8.2,400,https://www.foody.vn/ho-chi-minh/kichi-kichi-lau-bang-chuyen-vincom-center
46,Kichi Kichi Lẩu Băng Chuyền - Phú Mỹ Hưng,10.7229067000000,106.7102129000000,"153 Nguyễn Đức Cảnh, P. Tân Phong, Quận 7, TP. HCM",,,,no,yes,yes,149.000 -308.000,7.3,7.2,7.2,7.3,106,https://www.foody.vn/ho-chi-minh/kichi-kichi-lau-bang-chuyen-phu-my-hung
46,Kichi Kichi Lẩu Băng Chuyền - Sư Vạn Hạnh,10.7764500000000,106.6666840000000,"830 Sư Vạn Hạnh, P. 13, Quận 10, TP. HCM",,,,no,yes,yes,149.000 -308.000,8.1,8.0,8.1,8.1,390,https://www.foody.vn/ho-chi-minh/kichi-kichi-lau-bang-chuyen-su-van-hanh
46,Kichi Kichi Lẩu Băng Chuyền - Phan Xích Long,10.7976450000000,106.6895840000000,"145 Phan Xích Long, P. 2, Quận Phú Nhuận, TP. HCM",,,,no,yes,yes,149.000 -308.000,7.2,7.0,7.2,7.2,247,https://www.foody.vn/ho-chi-minh/kichi-kichi-lau-bang-chuyen-phan-xich-long
46,Kichi Kichi Lẩu Băng Chuyền - Pandora City,10.8064000000000,106.6348330000000,"Gian 6A - Tầng 4, Pandora City, 1/1 Trường Chinh, P. Tây Thạnh, Quận Tân Phú, TP. HCM",,,,no,yes,no,149.000 -273.000,7.6,7.4,7.3,7.3,63,https://www.foody.vn/ho-chi-minh/kichi-kichi-lau-bang-chuyen-pandora-city
46,Kichi Kichi Lẩu Băng Chuyền - Cộng Hòa,10.8007070000000,106.6602240000000,"Tầng Trệt, 15-17 Cộng Hòa, P. 4, Quận Tân Bình, TP. HCM",,,,no,yes,yes,149.000 -220.000,7.5,7.7,7.4,7.5,114,https://www.foody.vn/ho-chi-minh/kichi-kichi-lau-bang-chuyen-cong-hoa
46,Kichi Kichi Lẩu Băng Chuyền - Quang Trung,10.8267394000000,106.6793746000000,"1 Quang Trung, P. 10, Quận Gò Vấp, TP. HCM",,,,no,yes,yes,179.000 -229.000,9.2,9.1,9.2,9.1,515,https://www.foody.vn/ho-chi-minh/kichi-kichi-lau-bang-chuyen-quang-trung
46,Kichi Kichi Lẩu Băng Chuyền - Nguyễn Sơn,10.7806950000000,106.6342060000000,"2 Nguyễn Sơn, P.  Phú Thọ Hòa, Quận Tân Phú, TP. HCM",,,,no,no,yes,150.000 -300.000,8.7,8.7,8.5,8.6,160,https://www.foody.vn/ho-chi-minh/kichi-kichi-lau-bang-chuyen-nguyen-son
46,Kichi Kichi Lẩu Băng Chuyền - Vincom Thủ Đức,10.8502727000000,106.7653210000000,"Tầng 3, Vincom Thủ Đức, 216 Võ Văn Ngân, Tp. Thủ Đức, TP. HCM",,,,no,no,no,150.000 -250.000,8.9,8.9,8.6,8.8,320,https://www.foody.vn/ho-chi-minh/kichi-kichi-lau-bang-chuyen-vincom-thu-duc
46,Kichi Kichi Lẩu Băng Chuyền - AEON Mall Tân Phú,10.8015260000000,106.6176530000000,"Tầng 3 AEON Mall Tân Phú, 30 Bờ Bao Tân Thắng, P. Sơn Kỳ, Quận Tân Phú, TP. HCM",,,,no,no,no,189.000 -300.000,8.7,8.6,8.4,8.5,218,https://www.foody.vn/ho-chi-minh/kichi-kichi-lau-bang-chuyen-aeon-mall
46,Kichi Kichi Lẩu Băng Chuyền - Pearl Plaza,10.8012830000000,106.7082890000000,"L4 03-04, Pearl Plaza, 561A Điện Biên Phủ, Quận Bình Thạnh, TP. HCM",,,,no,yes,yes,149.000 -220.000,8.0,7.8,8.1,8.0,75,https://www.foody.vn/ho-chi-minh/kichi-kichi-lau-bang-chuyen-pearl-plaza
47,Gong Cha - Trà & Cà Phê - Nguyễn Huệ - HCM,10.7742610000000,106.7038870000000,"Gian Hàng A, Số 52 - 54 Nguyễn Huệ, P. Bến Nghé, Quận 1, TP. HCM",,,,no,no,yes,40.000 -80.000,7.2,6.5,6.4,6.7,"1,006",https://www.foody.vn/ho-chi-minh/gong-cha-tra-ca-phe-nguyen-hue-hcm
47,Gong Cha - Trà & Cà Phê - Phú Mỹ Hưng,10.7217000000000,106.7129810000000,"SB-02, 201 Tôn Dật Tiên, P. Tân Phong, Quận 7, TP. HCM",,,,yes,no,yes,40.000 -80.000,6.8,6.2,6.6,6.6,207,https://www.foody.vn/ho-chi-minh/gong-cha-tra-ca-phe-phu-my-hung
47,Trà Sữa Gong Cha - 貢茶 - Phan Xích Long,10.7979271000000,106.6896557000000,"240 Phan Xích Long, P. 7, Quận Phú Nhuận, TP. HCM",,,,yes,yes,no,40.000 -80.000,6.7,0.0,6.1,6.4,445,https://www.foody.vn/ho-chi-minh/tra-sua-gong-cha-phan-xich-long
47,Gong Cha - Trà & Cà Phê - Nguyễn Đình Chiểu,10.7883998000000,106.6992664000000,"70 Nguyễn Đình Chiểu, P. Đa Kao, Quận 1, TP. HCM",,,,no,no,yes,40.000 -80.000,7.1,6.3,6.6,6.8,420,https://www.foody.vn/ho-chi-minh/gong-cha-tra-ca-phe-nguyen-dinh-chieu
47,Gong Cha - Trà & Cà Phê - An Dương Vương,10.7582476000000,106.6759459000000,"498 An Dương Vương, P. 4, Quận 5, TP. HCM",,,,no,no,yes,40.000 -80.000,7.3,6.8,6.4,6.9,500,https://www.foody.vn/ho-chi-minh/gong-cha-tra-ca-phe-an-duong-vuong
47,Gong Cha - Trà & Cà Phê - Phan Văn Trị,10.8242520000000,106.6912100000000,"507 Phan Văn Trị, P. 5, Quận Gò Vấp, TP. HCM",,,,yes,no,yes,40.000 -80.000,7.1,6.5,6.8,6.8,343,https://www.foody.vn/ho-chi-minh/gong-cha-tra-ca-phe-phan-van-tri
47,Gong Cha - Trà & Cà Phê - Nguyễn Sơn,10.7808680000000,106.6342090000000,"7 Nguyễn Sơn, P. Phú Thạnh, Quận Tân Phú, TP. HCM",,,,no,no,yes,40.000 -80.000,6.7,6.4,6.4,6.6,244,https://www.foody.vn/ho-chi-minh/gong-cha-tra-ca-phe-nguyen-son
47,Gong Cha - Trà & Cà Phê - Nguyễn Thái Bình,10.7996652000000,106.6586734000000,"59 Nguyễn Thái Bình, P. 4, Quận Tân Bình, TP. HCM",,,,no,no,yes,30.000 -50.000,6.8,6.3,6.2,6.5,198,https://www.foody.vn/ho-chi-minh/gong-cha-tra-ca-phe-nguyen-thai-binh
47,Gong Cha - Trà & Cà Phê - Hồ Bán Nguyệt,10.7256450000000,106.7203900000000,"Tòa Nhà Cresent Residence 2 - CR2-05, 107 Tôn Dật Tiên, P. Tân Phú, Quận 7, TP. HCM",,,,no,no,yes,30.000 -50.000,7.1,6.3,6.8,6.9,51,https://www.foody.vn/ho-chi-minh/gong-cha-tra-ca-phe-ho-ban-nguyet
47,Gong Cha - Trà & Cà Phê - Vinhomes Central Park,10.7907280000000,106.7214400000000,"Tòa Central 1, SH04 Vinhomes Central Park, 208 Nguyễn Hữu Cảnh, P. 22, Quận Bình Thạnh, TP. HCM",,,,no,no,yes,40.000 -80.000,7.6,7.2,7.1,7.3,43,https://www.foody.vn/ho-chi-minh/gong-cha-tra-ca-phe-vinhomes-central-park
47,Gong Cha - Trà & Cà Phê - Thủ Đức,10.8496850000000,106.7668700000000,"101 Dân Chủ, P. Bình Thọ, Tp. Thủ Đức, TP. HCM",,,,yes,no,yes,30.000 -50.000,6.3,0.0,6.7,6.4,124,https://www.foody.vn/ho-chi-minh/gong-cha-tra-ca-phe-thu-duc
47,Gong Cha - Trà & Cà Phê - Thảo Điền Pearl,10.8013462000000,106.7335076000000,"L1-23-L1-24, Tầng 1, Thảo Điền Pearl, 12 Quốc Hương, P. Thảo Điền, Tp. Thủ Đức, TP. HCM",,,,yes,no,yes,40.000 -80.000,7.3,6.9,7.4,7.1,45,https://www.foody.vn/ho-chi-minh/gong-cha-tra-ca-phe-thao-dien-pearl
48,TOUS les JOURS - Hai Bà Trưng,10.7860460000000,106.6942140000000,"180 Hai Bà Trưng, Quận 1, TP. HCM",,,,no,no,yes,30.000 -66.000,7.3,6.8,7.3,7.1,452,https://www.foody.vn/ho-chi-minh/tous-les-jours-hai-ba-trung
48,TOUS les JOURS - Vincom Center - closed,10.7779120000000,106.7016810000000,"Tầng B2 Vincom Center, 72 Lê Thánh Tôn, P. Bến Nghé, Quận 1, TP. HCM",,,,no,no,no,20.000 -66.000,7.3,6.7,7.0,7.1,80,https://www.foody.vn/ho-chi-minh/tous-les-jours-vincom-center--
48,TOUS les JOURS - Cách Mạng Tháng 8,10.7747290000000,106.6874220000000,"66B Cách Mạng Tháng 8, Quận 3, TP. HCM",,,,no,no,no,20.000 -66.000,7.1,6.7,7.2,7.0,114,https://www.foody.vn/ho-chi-minh/tous-les-jours-cach-mang-thang-8
48,TOUS les JOURS - Lotte Mart Nam Sài Gòn,10.7411300000000,106.7013750000000,"Lotte Mart Nam Sài Gòn, 469 Nguyễn Hữu Thọ, P. Tân Hưng, Quận 7, TP. HCM",,,,no,no,no,30.000 -330.000,7.2,6.8,6.8,6.9,41,https://www.foody.vn/ho-chi-minh/tous-les-jours-lotte-mart-nam-sai-gon
48,TOUS les JOURS - Nguyễn Thị Minh Khai,10.7699609000000,106.6861148000000,"187 Nguyễn Thị Minh Khai, P. Phạm Ngũ Lão, Quận 1, TP. HCM",,,,no,no,no,20.000 -66.000,7.2,6.0,7.1,6.8,126,https://www.foody.vn/ho-chi-minh/tous-les-jours-nguyen-thi-minh-khai
48,TOUS les JOURS - Trần Hưng Đạo,10.7692090000000,106.6966220000000,"59 Trần Hưng Đạo, P. Nguyễn Thái Bình, Quận 1, TP. HCM",,,,no,no,yes,20.000 -66.000,6.8,6.0,6.9,6.6,150,https://www.foody.vn/ho-chi-minh/tous-les-jours-tran-hung-dao
48,TOUS les JOURS - 3 Tháng 2,10.7700678000000,106.6713451000000,"302 Đường 3 Tháng 2, P. 12, Quận 10, TP. HCM",,,,no,no,no,20.000 -330.000,7.1,6.5,7.3,6.9,164,https://www.foody.vn/ho-chi-minh/tous-les-jours-3-thang-2
48,TOUS les JOURS - 6 Lê Thánh Tôn,10.7819461000000,106.7056646000000,"6 Lê Thánh Tôn, P. Bến Nghé, Quận 1, TP. HCM",,,,no,no,yes,50.000 -220.000,7.4,7.0,8.0,7.4,40,https://www.foody.vn/ho-chi-minh/tous-les-jours-6-le-thanh-ton
48,TOUS les JOURS - Panorama,10.7214890000000,106.7124870000000,"SA-01 Panorama, P. Tân Phong, Quận 7, TP. HCM",,,,no,no,no,30.000 -70.000,7.0,6.8,6.7,6.8,"1,179",https://www.foody.vn/ho-chi-minh/tous-les-jours-panorama
48,TOUS les JOURS - Nam Kỳ Khởi Nghĩa,10.7910320000000,106.6829890000000,"382 Nam Kỳ Khởi Nghĩa, P.  8, Quận 3, TP. HCM",,,,yes,no,yes,10.000 -500.000,6.3,0.0,6.4,6.1,30,https://www.foody.vn/ho-chi-minh/tous-les-jours-nam-ky-khoi-nghia-bakery-cafe
48,TOUS les JOURS - Nguyễn Đình Chiểu,10.7884255000000,106.6994927000000,"64 Nguyễn Đình Chiểu, P. Đa Kao, Quận 1, TP. HCM",,,,no,no,no,10.000 -300.000,6.8,0.0,7.0,6.7,11,https://www.foody.vn/ho-chi-minh/tous-les-jours-nguyen-dinh-chieu
48,TOUS les JOURS - Hậu Giang,10.7494095000000,106.6442616000000,"231 Hậu Giang, P. 5, Quận 6, TP. HCM",,,,no,no,yes,15.000 -600.000,0.0,0.0,0.0,5.4,24,https://www.foody.vn/ho-chi-minh/tous-les-jours-hau-giang
258,3G Trois Gourmands - Món Pháp,10.8060820000000,106.7407480000000,"39 Trần Ngọc Diện, P. Thảo Điền, Quận 2, TP. HCM",,,,no,yes,yes,500.000 -1.000.000,7.0,7.0,6.8,6.8,53,https://www.foody.vn/ho-chi-minh/3g-trois-gourmands
259,D'Maris - Buffet Cao Cấp - Parkson Cantavil,10.8017890000000,106.7462110000000,"Tầng 6 Parkson Cantavil, Xa Lộ Hà Nội, P. An Phú, Quận 2, TP. HCM",,,,yes,no,yes,370.000 -520.000,7.4,7.5,8.2,7.5,231,https://www.foody.vn/ho-chi-minh/d-maris-buffet-cao-cap
260,Thảo Điền Village Resort,10.8164769000000,106.7330628000000,"195 Nguyễn Văn Hưởng, Quận 2, TP. HCM",,,,yes,no,yes,1.500.000 -4.000.000,6.7,6.7,6.7,6.7,933,https://www.foody.vn/ho-chi-minh/thao-dien-village-resort
261,Cocorico - Gà Nướng Pháp Rotisserie - Đường F,10.7889010000000,106.7426420000000,"134 Đường F, P. An Phú, Quận 2, TP. HCM",,,,yes,no,yes,59.000 -329.000,8.0,8.1,8.0,7.8,165,https://www.foody.vn/ho-chi-minh/cocorico-ga-nuong-phap-rotisserie-duong-f
262,Hana BBQ & Hot Pot Buffet - Nguyễn Quý Đức,10.7997318776188,106.7385020479559,"65 Nguyễn Quý Đức, P. An Phú, Quận 2, TP. HCM",,,,no,yes,yes,120.000 -220.000,7.5,7.2,6.6,7.0,120,https://www.foody.vn/ho-chi-minh/hana-buffet
263,Boat House - Nhà Hàng Bờ Sông,10.8088709794226,106.7383281481094,"36 Thảo Điền, Quận 2, TP. HCM",,,,yes,yes,yes,100.000 -330.000,6.6,0.0,7.1,6.6,36,https://www.foody.vn/ho-chi-minh/boat-house
264,Thái BBQ Buffet - Món Nướng & Lẩu Thái Lan - Vincom Mega Mall Thảo Điền,10.8020160000000,106.7397330000000,"Tầng 5, Vincom Mega Mall Thảo Điền, 159 Xa Lộ Hà Nội, P. Thảo Điền, Quận 2, TP. HCM",,,,yes,no,yes,188.000 -318.000,0.0,0.0,6.3,6.0,65,https://www.foody.vn/ho-chi-minh/thai-bbq-buffet-mon-nuong-lau-thai-lan-vincom-mega-mall-thao-dien-xa-lo-ha-noi
265,Karaoke Icool - Trần Não,10.7866080000000,106.7297380000000,"18 Trần Não, P. Bình An, Quận 2, TP. HCM",,,,yes,no,yes,250.000 -300.000,8.7,8.9,8.2,8.3,68,https://www.foody.vn/ho-chi-minh/karaoke-icool-tran-nao
266,Dao Hua - Taiwanese Hotpot Paradise - Estella Place,10.8020280000000,106.7482350000000,"Tầng 3, L3 - L10 Estella Place, 88 Song Hành, P. An Phú, Quận 2, TP. HCM",,,,no,yes,yes,50.000 -300.000,8.2,8.5,8.5,8.2,52,https://www.foody.vn/ho-chi-minh/dao-hua-taiwanese-hotpot-paradise-estella-place
267,Sushi To,10.8014730000000,106.7451050000000,"79C Song Hành, Quận 2, TP. HCM",,,,no,no,yes,15.000 -210.000,7.7,7.4,6.5,7.4,50,https://www.foody.vn/ho-chi-minh/sushi-to
268,La Villa - French Cuisine,10.8038200000000,106.7329070000000,"14 Ngô Quang Huy, P. Thảo Điền, Quận 2, TP. HCM",,,,no,yes,no,500.000 -2.200.000,7.7,7.4,8.2,7.5,13,https://www.foody.vn/ho-chi-minh/la-villa-french
269,Nhà Hàng Ẩm Thực Quê Nhà - Trần Não,10.7871818000000,106.7294089000000,"168 Trần Não, P. An Khánh, Quận 2, TP. HCM",,,,no,no,no,25.000 -150.000,8.5,8.1,8.6,8.3,47,https://www.foody.vn/ho-chi-minh/nha-hang-am-thuc-que-nha
270,GAL BI JI JON - Đệ Nhất Sườn Nướng,10.8021502000000,106.7468400000000,"Tầng 6 Parkson Cantavil, 1 Song Hành, Quận 2, TP. HCM",,,,no,no,no,150.000 -250.000,7.6,7.3,7.9,7.4,44,https://www.foody.vn/ho-chi-minh/gal-bi-ji-jon-de-nhat-suon-nuong
271,Susu Cupcakes - Shop Bánh Online,10.7951453000000,106.7350911000000,"83 Đường Số 3, Trần Não, P. Bình An, Quận 2, TP. HCM",,,,yes,yes,yes,180.000 -500.000,8.6,8.5,7.2,7.8,26,https://www.foody.vn/ho-chi-minh/chez-susucupcakes-shop-online
272,Villa Royale Antiques And Tea Room - Trần Ngọc Diện,10.8031230000000,106.7382959999999,"3 Trần Ngọc Diện, P. Thảo Điền, Quận 2, TP. HCM",,,,no,no,yes,50.000 -5.000.000,8.5,8.4,9.0,8.3,19,https://www.foody.vn/ho-chi-minh/villa-royale-antiques-tea-room-tran-ngoc-dien
273,Nhà Hàng Phố Ốc - Nguyễn Duy Trinh,10.7876750000000,106.7644290000000,"271 Nguyễn Duy Trinh, P. Bình Trưng Tây, Quận 2, TP. HCM",,,,no,no,yes,50.000 -110.000,7.4,7.3,7.3,7.2,33,https://www.foody.vn/ho-chi-minh/pho-oc-nguyen-duy-trinh
274,Roll Garden 1 - Nướng & Lẩu - Vincom Mega Mall Thảo Điền,10.8021270000000,106.7407250000000,"Tầng 5 - Lô 05&07, Vincom Mega Mall Thảo Điền, 159 Xa Lộ Hà Nội, P. Thảo Điền, Quận 2, TP. HCM",,,,no,no,yes,38.000 -595.000,8.2,8.7,7.7,7.6,47,https://www.foody.vn/ho-chi-minh/roll-garden-vincom-mega-mall-thao-dien
275,Meat & Meet Korean BBQ Container - Song Hành,10.8008540000000,106.7416330000000,"L3-01 TTTM Estella Place, 88 Song Hành, P. An Phú, Quận 2, TP. HCM",,,,no,yes,yes,199.000 -429.000,7.5,7.2,7.4,7.3,30,https://www.foody.vn/ho-chi-minh/meat-meet-korean-bbq-container-song-hanh
276,KA Milk Tea,10.7999360000000,106.7370150000000,"43 Song Hành, P. An Phú, Quận 2, TP. HCM",,,,no,no,no,30.000 -43.000,8.0,7.9,7.7,8.0,39,https://www.foody.vn/ho-chi-minh/ka-milk-tea
277,Sushi Nhí,10.7897323933748,106.7300361922380,"210 Trần Não, P. Bình An, Quận 2, TP. HCM",,,,yes,no,yes,15.000 -200.000,7.8,7.3,8.0,7.8,31,https://www.foody.vn/ho-chi-minh/sushi-nhi
278,Village Romaine - Thảo Điền Village,10.8164770000000,106.7330630000000,"195 Nguyễn Văn Hưởng, P. Thảo Điền, Quận 2, TP. HCM",,,,no,yes,yes,250.000 -550.000,7.3,6.8,7.2,7.0,24,https://www.foody.vn/ho-chi-minh/village-romaine
278,Ngon Restaurant - Thảo Điền Village,10.8162030000000,106.7332240000000,"195 Nguyễn Văn Hưởng, P. Thảo Điền, Quận 2, TP. HCM",,,,no,yes,yes,150.000 -275.000,6.8,6.6,6.9,6.8,28,https://www.foody.vn/ho-chi-minh/ngon-restaurant-thao-dien-village
279,Kichi Kichi Lẩu Băng Chuyền - Vicom Megamall,10.8022822583951,106.7409596219658,"Tầng 5 Vicom Megamall, 139 Xa Lộ Hà Nội, P. Thảo Điền, Quận 2, TP. HCM",,,,yes,no,yes,179.000 -229.000,7.6,7.2,7.6,7.4,39,https://www.foody.vn/ho-chi-minh/kichi-kichi-lau-bang-chuyen-vicom-megamall
280,Năm Lửa 2 - Nhà Hàng Hải Sản - Nguyễn Duy Trinh,10.7883900000000,106.7725910000000,"567 Nguyễn Duy Trinh, P. Bình Trưng Đông, Quận 2, TP. HCM",,,,no,yes,no,250.000 -550.000,6.8,6.3,6.8,6.9,19,https://www.foody.vn/ho-chi-minh/nam-lua-2-nguyen-duy-trinh
281,Bellany Ice Cream - Vincom Mega Mall Thảo Điền,10.8010210000000,106.7380860000000,"Tầng 5, Vincom Mega Mall Thảo Điền, 159 Xa lộ Hà Nội, P. Thảo Điền, Quận 2, TP. HCM",,,,yes,no,yes,30.000 -100.000,8.1,8.0,7.7,7.8,16,https://www.foody.vn/ho-chi-minh/bellany-ice-cream-vincom-mega-mall-thao-dien
282,BBQ Plan - K,10.8046220000000,106.7376690000000,"14A5 Thảo Điền, P. Thảo Điền, Quận 2, TP. HCM",,,,no,no,yes,50.000 -300.000,7.3,0.0,7.0,6.8,29,https://www.foody.vn/ho-chi-minh/bbq-plan-k
283,Haidilao Hot Pot - Estella Place,10.8018510000000,106.7484330000000,"Tầng 3, Estella Height, 88 Song Hành, P. An Phú, Quận 2, TP. HCM",,,,no,yes,yes,50.000 -300.000,8.5,8.6,8.8,8.4,15,https://www.foody.vn/ho-chi-minh/haidilao-hot-pot-estella-place
284,Phoco Resto Bar,10.8078740000000,106.7335300000000,"97A Thảo Điền, P. Thảo Điền, Quận 2, TP. HCM",,,,no,no,yes,100.000 -300.000,7.3,6.6,6.6,6.8,23,https://www.foody.vn/ho-chi-minh/phoco-resto-bar
285,Thịnh Cafe - Cafe Sân Vườn,10.7876850000000,106.7688960000000,"14 Lê Văn Thịnh, Quận 2, TP. HCM",,,,no,no,yes,20.000 -80.000,6.9,7.3,8.2,7.6,26,https://www.foody.vn/ho-chi-minh/thinh-cafe
286,CLUB Fuji Noodles - Vincom Mega Mall Thảo Điền,10.8006092000000,106.7365270000000,"Tầng 5, Vincom Mega Mall Thảo Điền, 159 Xa Lộ Hà Nội, P. Thảo Điền, Quận 2, TP. HCM",,,,no,no,yes,30.000 -100.000,7.1,6.8,7.5,6.8,17,https://www.foody.vn/ho-chi-minh/club-fuji-noodles-vincom-mega-mall-thao-dien
287,5Ku Farm - Nông Trại & Quán Ăn,10.7581620000000,106.7530720000000,"1115 Thích Mật Thể, Thạnh Mỹ Lợi, Quận 2, TP. HCM",,,,no,yes,no,50.000 -200.000,6.1,0.0,6.6,5.8,23,https://www.foody.vn/ho-chi-minh/5ku-farm
288,The Vintage Emporium Cafe - Thảo Điền,10.8025270000000,106.7338050000000,"1 Đường Số 39, P. Thảo Điền, Quận 2, TP. HCM",,,,no,no,yes,40.000 -100.000,8.2,7.6,8.4,7.7,16,https://www.foody.vn/ho-chi-minh/the-vintage-emporium-cafe-thao-dien
289,Family Garden - Thảo Điền,10.8046423000000,106.7367589000000,"28 Thảo Điền, Quận 2, TP. HCM",,,,no,yes,no,15.000 -20.000,6.0,6.1,7.6,6.6,18,https://www.foody.vn/ho-chi-minh/family-garden-thao-dien
290,Edo Yakiniku - Thịt Bò Nướng Nhật Bản,10.8017640000000,106.7412820000000,"161 Xa Lộ Hà Nội, P. Thảo Điền, Quận 2, TP. HCM",,,,no,yes,yes,15.000 -99.000,6.4,0.0,6.2,6.3,22,https://www.foody.vn/ho-chi-minh/edo-yakiniku-thit-bo-nuong-nhat-ban
291,Hell Bull - BBQ & Beer - Xuân Thủy,10.8032245000000,106.7316218000000,"41 Xuân Thủy, P. Thảo Điền, Quận 2, TP. HCM",,,,yes,yes,no,169.000 -500.000,0.0,0.0,6.2,5.9,29,https://www.foody.vn/ho-chi-minh/hell-bull-bbq-beer
292,3G Cafe,10.7962110000000,106.7337230000000,"25A Đường Số 3, P. Bình An, Quận 2, TP. HCM",,,,no,yes,yes,20.000 -44.000,0.0,0.0,7.0,5.9,15,https://www.foody.vn/ho-chi-minh/3g-cafe
293,Nhà Hàng Hải Đăng 2,10.8013570000000,106.7444010000000,"84 Song Hành, P. An Phú, Quận 2, TP. HCM",,,,no,yes,yes,15.000 -180.000,7.7,7.4,7.6,7.5,23,https://www.foody.vn/ho-chi-minh/nha-hang-hai-dang-2
294,Mochido - Mochi & Tea Leaf - Parkson Cantavil,10.8017710000000,106.7501680000000,"Tầng 5 Parkson Cantavil, 1 Song Hành, P. An Phú, Quận 2, TP. HCM",,,,no,no,no,18.000 -80.000,6.5,6.8,6.3,6.6,12,https://www.foody.vn/ho-chi-minh/mochido-mochi-tea-leaf-parkson-cantavil
295,River View Coffee & Smoothies,10.8016680000000,106.7286760000000,"8/11 Đường Số 49B, P. Thảo Điền, Quận 2, TP. HCM",,,,no,no,yes,18.000 -49.000,9.3,9.0,8.9,8.8,16,https://www.foody.vn/ho-chi-minh/river-view-coffee-smoothies
296,Cafe Villa Xuân Thủy,10.8027380000000,106.7288050000000,"37 Xuân Thủy, P. Thảo Điền, Quận 2, TP. HCM",,,,yes,no,yes,0.022 -0.070,7.3,6.9,7.3,6.9,10,https://www.foody.vn/ho-chi-minh/villa-xuan-thuy-cafe
297,Laang Restaurant,10.8033990000000,106.7363720000000,"22 Đặng Hữu Phổ, P. Thảo Điền, Quận 2, TP. HCM",,,,no,yes,yes,200.000 -500.000,9.4,9.2,9.3,9.1,9,https://www.foody.vn/ho-chi-minh/laang-restaurant
298,Phở Hotpot - Vincom Mega Mall Thảo Điền,10.8022816000000,106.7409646000000,"Lầu 4 Vincom Mega Mall Thảo Điền, 159 Xa Lộ Hà Nội, P. Thảo Điền, Quận 2, TP. HCM",,,,no,no,yes,30.000 -55.000,7.7,7.5,7.5,7.4,19,https://www.foody.vn/ho-chi-minh/pho-hotpot-vincom-mega-mall-thao-dien
299,"Homyland - Nhà Hàng Tiệc Cưới, Siêu Thị, Cafe",10.7877220000000,106.7621030000000,"202 Nguyễn Duy Trinh, P. Bình Trưng Tây, Quận 2, TP. HCM",,,,no,yes,yes,300.000 -550.000,7.2,6.6,7.2,7.0,18,https://www.foody.vn/ho-chi-minh/homyland-nha-hang-tiec-cuoi-sieu-thi-cafe
300,Nhà Hàng Cơm Niêu Sài Gòn - Xuân Thủy,10.8037830000000,106.7342950000000,"75 Xuân Thủy, P. Thảo Điền, Quận 2, TP. HCM",,,,yes,yes,yes,150.000 -500.000,7.7,8.0,7.9,7.7,9,https://www.foody.vn/ho-chi-minh/com-nieu-sai-gon-xuan-thuy
301,Hương Sơn Quán - Đặc Sản Dê - Trần Não,10.7891712872136,106.7311583042296,"81/1 Đường Số 12 Trần Não, P. Bình An, Quận 2, TP. HCM",,,,no,no,no,100.000 -165.000,8.1,7.2,7.3,7.2,24,https://www.foody.vn/ho-chi-minh/huong-son-quan-de-22-mon
301,Hương Sơn Quán - Đặc Sản Dê - Đường Số 9,10.7962470000000,106.7386130000000,"771A Đường Số 9, P. An Phú, Quận 2, TP. HCM",,,,yes,yes,yes,150.000 -300.000,9.5,9.0,8.5,8.8,2,https://www.foody.vn/ho-chi-minh/huong-son-quan-dac-san-de-duong-so-9
302,Lẩu 1 Người - Cantavil Premier,10.8018510000000,106.7498350000000,"Tầng 5 Parkson Cantavil, 1 Song Hành, P. An Phú, Quận 2, TP. HCM",,,,no,no,yes,25.000 -85.000,7.0,6.9,7.1,7.0,18,https://www.foody.vn/ho-chi-minh/lau-1-nguoi-parkson-cantavil-89520
303,"Chef's Kitchen - Shabu, Sushi & Salad Buffet - Thảo Điền Pearl",10.8015480000000,106.7333000000000,"Tầng 2, Thảo Điền Pearl, 12 Quốc Hương, P. Thảo Điền, Quận 2, TP. HCM",,,,yes,no,yes,275.000 -465.000,9.2,9.5,9.1,8.9,13,https://www.foody.vn/ho-chi-minh/chef-s-kitchen-shabu-sushi-salad-buffet-thao-dien-pearl
304,Buffet Corner - Estella Place,10.8018550000000,106.7481490000000,"Tầng 3 Estella Place, 88 Song Hành, P. An Phú, Quận 2, TP. HCM",,,,yes,yes,yes,100.000 -300.000,8.6,9.4,9.1,8.9,13,https://www.foody.vn/ho-chi-minh/buffet-corner-estella-place
305,Kitchen Japan - Cantavil Premier,10.8019420000000,106.7467250000000,"Tầng 5 Parkson Cantavil, 1 Song Hành, P. An Phú, Quận 2, TP. HCM",,,,yes,no,yes,50.000 -150.000,7.0,6.8,6.8,6.7,11,https://www.foody.vn/ho-chi-minh/kitchen-japan-parkson-cantavil
306,Lương Gia Quán - Heo Tộc,10.7838850000000,106.7652020000000,"82 Nguyễn Tuyển, P. Bình Trưng Tây, Quận 2, TP. HCM",,,,no,yes,no,50.000 -110.000,7.5,6.9,7.5,7.2,13,https://www.foody.vn/ho-chi-minh/luong-gia-quan-heo-toc
307,GoGi House - Nướng Hàn Quốc - Estella,10.8019900000000,106.7484250000000,"Gian Hàng #L3-10A Estella Place, 88 Song Hành, P. An Phú, Quận 2, TP. HCM",,,,no,no,yes,89.000 -500.000,8.7,8.8,8.9,8.7,17,https://www.foody.vn/ho-chi-minh/gogi-house-nuong-han-quoc-estella
308,Chill Corner,10.8041010000000,106.7440720000000,"32 Đường D10, P. Thảo Điền, Quận 2, TP. HCM",,,,no,no,yes,35.000 -85.000,9.3,9.1,9.7,9.1,13,https://www.foody.vn/ho-chi-minh/chill-corner
309,Hokkaido Baked Cheese Tart - Estella Place,10.8019934000000,106.7482807000000,"Estella Place, L4-29B, 88 Song Hành, P. An Phú, Quận 2, TP. HCM",,,,no,no,yes,29.000 -189.000,8.5,7.4,7.7,7.8,13,https://www.foody.vn/ho-chi-minh/hokkaido-baked-cheese-tart-estella-place
310,Chang Kang Kung - Hấp Thủy Nhiệt Hongkong - Estella Place,10.8014052139297,106.7488145891675,"Tầng 3 Estella Place, 88 Song Hành, P. An Phú, Quận 2, TP. HCM",,,,no,no,yes,30.000 -400.000,7.2,7.1,6.9,7.1,13,https://www.foody.vn/ho-chi-minh/chang-kang-kung-hap-thuy-nhiet-hongkong-estella-place
311,Quán Ăn Ngon Hà Nội - Bún Chả Hà Nội,10.7929300000000,106.7305740000000,"136 Trần Não, P. Bình An, Quận 2, TP. HCM",,,,no,no,no,35.000 -275.000,6.6,6.0,6.5,6.6,14,https://www.foody.vn/ho-chi-minh/quan-an-ngon-ha-noi-bun-cha-ha-noi
312,Quán Ốc Bay,10.8019832000000,106.7382986999999,"1 Thảo Điền, P. Thảo Điền, Quận 2, TP. HCM",,,,no,no,no,20.000 -100.000,7.2,6.8,7.5,7.2,13,https://www.foody.vn/ho-chi-minh/quan-oc-bay
313,Chez Nous Coffee & Waffle Cafe,10.8010530000000,106.7347390000000,"51 Xa lộ Hà Nội, Quận 2, TP. HCM",,,,no,no,yes,20.000 -60.000,9.3,7.4,7.1,7.8,10,https://www.foody.vn/ho-chi-minh/chez-nous-coffee-waffle-cafe
314,Bếp Nhà Mây - Bánh Bông Lan - Shop Online,10.7850820000000,106.7294150000000,"Tiệm Bánh Online, Quận 2, TP. HCM",,,,yes,yes,yes,20.000 -80.000,8.0,8.1,7.9,7.8,27,https://www.foody.vn/ho-chi-minh/bep-nha-may-banh-bong-lan-shop-online
315,Zone - Gaming Lounge & Coffee,10.7942282639173,106.7345313727855,"23 Đường Số 7, P. An Phú, Quận 2, TP. HCM",,,,no,no,yes,20.000 -50.000,7.9,7.5,7.6,7.6,13,https://www.foody.vn/ho-chi-minh/zone-gaming-lounge-coffee
316,Bánh Mì Ngon - Lẩu Đuôi Bò,10.7977624000000,106.7383810000000,"3 Thái Thuận, P. An Phú, Quận 2, TP. HCM",,,,no,no,no,20.000 -150.000,6.9,7.0,6.9,7.0,12,https://www.foody.vn/ho-chi-minh/banh-mi-ngon-lau-duoi-bo
317,Iyo Frozen Yogurt - Cantavil Premier,10.8012590000000,106.7439610000000,"Tầng 5 Parkson Cantavil, 1 Song Hành, P. An Phú, Quận 2, TP. HCM",,,,no,no,yes,25.000 -100.000,7.0,7.3,6.9,6.9,9,https://www.foody.vn/ho-chi-minh/iyo-frozen-yogurt-parkson-cantavil
318,Dookki Việt Nam - Lẩu & Buffet Tokpokki - Vincom Mega Mall Thảo Điền,10.8021560000000,106.7404930000000,"Tầng 5 Vincom Mega Mall Thảo Điền, 161 Xa Lộ Hà Nội, P. Thảo Điền, Quận 2, TP. HCM",,,,yes,yes,yes,39.000 -495.000,7.3,7.0,7.5,7.3,11,https://www.foody.vn/ho-chi-minh/dookki-viet-nam-lau-buffet-tokpokki-vincom-mega-mall-thao-dien
319,B&A Cafe - Bờ Sông Sài Gòn,10.7980940000000,106.7291720000000,"Đường 19, Trần não, Quận 2, TP. HCM",,,,no,no,no,20.000 -44.000,6.2,6.3,7.7,6.9,18,https://www.foody.vn/ho-chi-minh/ba-cafe-bo-song-sai-gon
320,Làng Nướng Lý Ngư,10.7842710000000,106.7690870000000,"108 Lê Văn Thịnh, P. Bình Trưng Đông, Quận 2, TP. HCM",,,,no,no,yes,25.000 -330.000,7.4,7.9,8.3,7.8,7,https://www.foody.vn/ho-chi-minh/lang-nuong-ly-ngu
321,Nhà Hàng 13 - Ẩm Thực Việt,10.8059810000000,106.7440550000000,"23 Nguyễn Ư Dĩ, Quận 2, TP. HCM",,,,no,yes,no,80.000 -132.000,6.5,6.1,6.9,6.3,13,https://www.foody.vn/ho-chi-minh/nha-hang-13-mon-viet
322,Vịt 3 Món Mỹ Lợi,10.7857910000000,106.7725020000000,"15B Đường Số 2, P. Bình Trưng Đông, Quận 2, TP. HCM",,,,no,yes,no,100.000 -330.000,7.1,6.6,6.8,6.4,13,https://www.foody.vn/ho-chi-minh/vit-3-mon-my-loi
323,Oishi Town - Phố Ẩm Thực Nhật Bản,10.8046588000000,106.7368825000000,"28 Thảo Điền, Quận 2, TP. HCM",,,,no,no,no,15.000 -300.000,8.3,7.9,8.1,7.7,9,https://www.foody.vn/ho-chi-minh/oishi-town-pho-am-thuc-nhat-ban
324,Saigon Social Space - Nhà Hàng Á Âu,10.7630680000000,106.7594210000000,"53 Quách Giai, P. Thạnh Mỹ Lợi, Quận 2, TP. HCM",,,,no,yes,yes,50.000 -500.000,8.2,8.6,9.2,8.4,10,https://www.foody.vn/ho-chi-minh/saigon-social-space-nha-hang-a-au
325,Lẩu Hoàng Yến - Estella Place,10.8020280000000,106.7482350000000,"Tầng 2 Estella Place, 88 Song Hành, P. An Phú, Quận 2, TP. HCM",,,,no,yes,yes,100.000 -500.000,8.3,8.5,8.3,8.3,11,https://www.foody.vn/ho-chi-minh/lau-hoang-yen-estella-place
326,Lubu Restaurant - Thảo Điền,10.8081990000000,106.7333630000000,"97B Thảo Điền, Quận 2, TP. HCM",,,,no,no,yes,30.000 -3.300.000,7.8,7.2,8.0,7.6,5,https://www.foody.vn/ho-chi-minh/lubu-restaurant-thao-dien
327,Marduk - Korean Restaurant -  An Phú,10.7981776000000,106.7382787000000,"11 Thái Thuận, Phường An Phú, Quận 2, TP. HCM",,,,yes,no,yes,,9.3,9.1,9.1,8.8,8,https://www.foody.vn/ho-chi-minh/marduk-korean-restaurant-an-phu
